index,url,valid,domain,title,description,image,published,archive,content,quote,language,keyword
https://www.zeit.de/politik/deutschland/2023-04/olaf-scholz-erster-mai-spd-arbeitnehmerschaft,https://www.zeit.de/politik/deutschland/2023-04/olaf-scholz-erster-mai-spd-arbeitnehmerschaft,0,www.zeit.de,Olaf Scholz am 1. Mai: Der Genosse der Genossen,"Das Verhältnis von SPD und Gewerkschaften war nie einfach, oft geprägt von Misstrauen und Arroganz. Jetzt loben die Gewerkschaften Kanzler Olaf Scholz. Was ist da los?",,2023-05-01T08:02:57Z,,"When browsing with ads:
We collect personal data and also transmit it to third-party providers
 that help us improve and finance our digital content. Some of the information stored on your device, … [+732 chars]",,de,'Olaf Scholz'
https://www.zeit.de/news/2023-05/01/olaf-scholz-ueber-regierung-wir-sind-nette-leute,https://www.zeit.de/news/2023-05/01/olaf-scholz-ueber-regierung-wir-sind-nette-leute,0,www.zeit.de,Gesellschaft: Olaf Scholz über Regierung: «Wir sind nette Leute»,,,2023-05-01T18:27:33Z,,"When browsing with ads:
We collect personal data and also transmit it to third-party providers
 that help us improve and finance our digital content. Some of the information stored on your device, … [+732 chars]",,de,'Olaf Scholz'
https://www.faz.net/aktuell/feuilleton/medien/reschke-fernsehen-muss-aussagen-zu-julian-reichelt-unterlassen-18862506.html,https://www.faz.net/aktuell/feuilleton/medien/reschke-fernsehen-muss-aussagen-zu-julian-reichelt-unterlassen-18862506.html,0,www.faz.net,Landgericht Hamburg: „Reschke Fernsehen“ darf Aussagen zu Reichelt nicht verbreiten,Die Sendung „Reschke Fernsehen“ hatte über Machtmissbrauch-Vorwürfe  gegen den früheren „Bild“-Chef Julian Reichelt berichtet. Ein Gericht untersagt nun viele Behauptungen.,https://media1.faz.net/ppmedia/aktuell/gesellschaft/2736173263/1.8648349/facebook_teaser/ihre-sendung-darf-zahlreiche.jpg,2023-05-02T08:25:16Z,https://web.archive.org/web/20230502100842/https://www.faz.net/aktuell/feuilleton/medien/reschke-fernsehen-muss-aussagen-zu-julian-reichelt-unterlassen-18862506.html,"Der frühere Chefredakteur der Bild-Zeitung, Julian Reichelt, hat gegen die Sendung Reschke Fernsehen umfassende einstweilige Verfügungen erwirkt. Das NDR-Magazin darf zahlreiche Äußerungen der Ausgab… [+4868 chars]",,de,'Julian Reichelt'
https://netzpolitik.org/2023/zivilgesellschaft-mit-plattformraeten-gegen-die-tech-oligarchie/,https://netzpolitik.org/2023/zivilgesellschaft-mit-plattformraeten-gegen-die-tech-oligarchie/,0,netzpolitik.org,Zivilgesellschaft: Mit Plattformräten gegen die Tech-Oligarchie,"Plattformräte können die Macht der Tech-Konzerne begrenzen – Diffusion Bee (Mark Zuckerberg as a powerful king on a throne, style:“game of thrones“, highly detailed)
Laut Koalitionsvertrag will die Bundesregierung den Aufbau von Plattformräte fördern. Die Gr…",https://cdn.netzpolitik.org/wp-upload/2023/04/zuckerberg_throne-1200x675.jpg,2023-05-02T14:37:32Z,https://web.archive.org/web/20230502153453/https://netzpolitik.org/2023/zivilgesellschaft-mit-plattformraeten-gegen-die-tech-oligarchie/,"Es ist wohl einer der am wenigsten berücksichtigten Sätze im Koalitionsvertrag der Bundesregierung: Den Aufbau von Plattformräten werden wir voranbringen, heißt es dort auf Seite 14. Er stammt vermut… [+7941 chars]",,de,'Mark Zuckerberg'
https://www.faz.net/aktuell/feuilleton/olaf-scholz-schmaeht-das-deutsche-eck-in-koblenz-18863073.html,https://www.faz.net/aktuell/feuilleton/olaf-scholz-schmaeht-das-deutsche-eck-in-koblenz-18863073.html,0,www.faz.net,Olaf Scholz schmäht das Deutsche Eck und denkt selbst nationalistisch,"Bei der Kundgebung des Deutschen Gewerkschaftsbundes zum 1. Mai in Koblenz spricht der Bundeskanzler. Und er schmäht erst einmal den Ort, an dem er redet. Aber weiß er, was er da sagt?",https://media0.faz.net/ppmedia/aktuell/gesellschaft/62691997/1.8863072/facebook_teaser/olaf-scholz-bei-seiner-rede-zum-1-mai-2023-in-koblenz.jpg,2023-05-02T14:48:50Z,,"In Koblenz kommt zusammen, was zusammengehört: Mosel und Rhein (deshalb ja der Name Koblenz vom lateinischen confluentia, dem Zusammenfluss). Sonne und 1. Mai (am Montag bei der dortigen Kundgebung d… [+2545 chars]",,de,'Olaf Scholz'
https://www.faz.net/aktuell/politik/inland/europawahl-was-fuehrt-alexander-dobrindt-im-schilde-18864080.html,https://www.faz.net/aktuell/politik/inland/europawahl-was-fuehrt-alexander-dobrindt-im-schilde-18864080.html,0,www.faz.net,Streit über Spitzenkandidatur: Was führt Alexander Dobrindt im Schilde?,Die CDU will mit Ursula von der Leyen in den Europawahlkampf ziehen. CSU-Chef Söder wollte das auch. Jetzt schießt Landesgruppenchef Dobrindt quer – und trägt abermals Streit in die Union.,https://media1.faz.net/ppmedia/aktuell/3476074656/1.8864077/facebook_teaser/er-musste-ihr-den-vortritt.jpg,2023-05-02T17:28:43Z,https://web.archive.org/web/20230503054624/https://www.faz.net/aktuell/politik/inland/europawahl-was-fuehrt-alexander-dobrindt-im-schilde-18864080.html,"Ein Jahr vor der nächsten Europawahl hat der Vorsitzende der CSU-Landesgruppe im Bundestag, Alexander Dobrindt, eine Abkehr vom sogenannten Spitzenkandidaten-Prinzip vorgeschlagen. Den Zeitungen der … [+5675 chars]",,de,'Pedro Sánchez'
https://www.stern.de/kultur/tv/jan-boehmermann---ich-bin-nicht-der-aussteigertyp---33427794.html,https://www.stern.de/kultur/tv/jan-boehmermann---ich-bin-nicht-der-aussteigertyp---33427794.html,0,www.stern.de,"Satiriker: ""Es gibt keine rechte oder linke Comedy. Es gibt nur lustig und nicht lustig"" – Jan Böhmermann über die Fallstricke des Ruhms","Der Satiriker Jan Böhmermann zeigt selten Gefühle und sucht gern Streit: mit Erdoğan, mit Mathias Döpfner, mit Dieter Nuhr. Ein Gespräch über die Folgen seiner Rauflust und seines TV-Ruhms.",https://image.stern.de/33428026/t/rU/v2/w1440/r1.7778/-/jan-boehmermann-shooting.jpg,2023-05-03T04:14:00Z,http://archive.md/20230503052321/https://www.stern.de/kultur/tv/jan-boehmermann---ich-bin-nicht-der-aussteigertyp---33427794.html,"Der Satiriker Jan Böhmermann zeigt selten Gefühle und sucht gern Streit: mit Erdoan, mit Mathias Döpfner, mit Dieter Nuhr. Ein Gespräch über die Folgen seiner Rauflust und seines TV-Ruhms.
Als der s… [+517 chars]",,de,'Jan Böhmermann'
https://www.welt.de/vermischtes/video245120514/Vor-Kroenung-von-Charles-Festnahme-und-Explosion-am-Buckingham-Palast.html,https://www.welt.de/vermischtes/video245120514/Vor-Kroenung-von-Charles-Festnahme-und-Explosion-am-Buckingham-Palast.html,0,www.welt.de,Festnahme und Explosion am Buckingham-Palast,Kurz vor der Krönung von König Charles III. ist es am Buckingham-Palast zu einem Zwischenfall gekommen. Ein Mann hat Gegenstände auf das Gelände geworfen und eine verdächtige Tasche wurde gesprengt.,https://img.welt.de/img/newsticker/dpa_nt/afxline/topthemen/mobile245120760/5991359307-ci16x9-w1200/Buckingham-Palast.jpg,2023-05-03T06:19:09Z,,"Die WELT als ePaper: Die vollständige Ausgabe steht Ihnen bereits am Vorabend zur Verfügung so sind Sie immer hochaktuell informiert. Weitere Informationen: http://epaper.welt.de 
 Der Kurz-Link die… [+49 chars]",,de,'Charles III'
https://www.stern.de/kultur/geheimagent--neuer-007-roman--james-bond-soll-koenig-charles-retten-33431524.html,https://www.stern.de/kultur/geheimagent--neuer-007-roman--james-bond-soll-koenig-charles-retten-33431524.html,0,www.stern.de,Geheimagent: Neuer 007-Roman: James Bond soll König Charles retten,"Pünktlich zur Krönung steht Charles III. im Fokus eines neuen 007-Romans. In ""On His Majesty's Secret Service"" soll James Bond ein Attentat auf Charles verhindern.",https://image.stern.de/33431526/t/lj/v1/w1440/r1.7778/-/03--urnnewsmldpacom2009010123050399538393v3w800h600l624t392r1904b1397jpeg---d022acdf7511ba23.jpg,2023-05-03T06:27:17Z,,"Pünktlich zur Krönung steht Charles III. im Fokus eines neuen 007-Romans. In ""On His Majesty's Secret Service"" soll James Bond ein Attentat auf Charles verhindern.
Die Krönung des britischen Königs … [+1985 chars]",,de,'König Charles III'
https://www.focus.de/kultur/royals/koenig-charles-iii-diese-deutschen-verwandten-kommen-zur-kroenung_id_192671380.html,https://www.focus.de/kultur/royals/koenig-charles-iii-diese-deutschen-verwandten-kommen-zur-kroenung_id_192671380.html,0,www.focus.de,Krönung am 6. Mai - Neben Charles‘ Liebling Motsi Mabuse – welche Deutschen eingeladen sind,Knapp 2500 Gäste sind zur Krönung von König Charles III. am kommenden Samstag eingeladen. Neben Royals aus aller Welt und Hollywood-Stars befinden sich auch einige Deutsche auf der Gästeliste.,https://p6.focus.de/img/fotos/id_192689760/microsoftteams-image-80-.jpg?im=Crop%3D%280%2C0%2C2000%2C1000%29%3BResize%3D%281200%2C627%29&hash=1057cd074f9eaf22a3525edb73f83f12a02eafd419e4a4dfca2a1d2778feca69,2023-05-03T06:53:50Z,,"<ul><li>
Kommentare</li><li>
E-Mail</li><li>
Teilen</li><li>
Mehr</li><li>
Twitter</li><li>
Drucken</li><li>
Feedback</li><li>
Fehler meldenSie haben einen Fehler gefunden?
Bitte markieren S… [+4760 chars]",,de,'König Charles III'
https://www.faz.net/aktuell/gesellschaft/kroenung-von-charles-iii/prinzessin-anne-lehnt-abgespeckte-monarchie-ab-18864939.html,https://www.faz.net/aktuell/gesellschaft/kroenung-von-charles-iii/prinzessin-anne-lehnt-abgespeckte-monarchie-ab-18864939.html,0,www.faz.net,Prinzessin Anne lehnt „abgespeckte“ Monarchie ab,"In einem Interview sagte Prinzessin Anne, sie erwarte keine großen Veränderungen in der Institution unter der Herrschaft ihres Bruders, König Charles III. Eine Verschlankung der Monarchie lehnte sie ab.",https://media1.faz.net/ppmedia/aktuell/gesellschaft/3737914746/1.8864941/facebook_teaser/prinzessin-anne-bei-einem.jpg,2023-05-03T07:24:28Z,,"Prinzessin Anne hält eine Verschlankung der britischen Monarchie für keine gute Idee. In einem am Montagabend ausgestrahlten Interview mit dem kanadischen öffentlichen Kanal CBC erklärte sie, ihre Fa… [+1081 chars]",,de,'Charles III'
https://consent.google.com/ml?continue=https://news.google.com/rss/articles/CBMif2h0dHBzOi8vd3d3LnN3ci5kZS9zd3Jha3R1ZWxsL2JhZGVuLXd1ZXJ0dGVtYmVyZy9oZWlsYnJvbm4vcGhpbGlwcC1mdWVyc3QtenUtaG9oZW5sb2hlLWxhbmdlbmJ1cmctYmVpLWtyb2VudW5nLWNoYXJsZXMtMTAwLmh0bWzSAQA?oc%3D5&gl=FR&hl=en-US&cm=2&pc=n&src=1,https://consent.google.com/ml?continue=https://news.google.com/rss/articles/CBMif2h0dHBzOi8vd3d3LnN3ci5kZS9zd3Jha3R1ZWxsL2JhZGVuLXd1ZXJ0dGVtYmVyZy9oZWlsYnJvbm4vcGhpbGlwcC1mdWVyc3QtenUtaG9oZW5sb2hlLWxhbmdlbmJ1cmctYmVpLWtyb2VudW5nLWNoYXJsZXMtMTAwLmh0bWzSAQA?oc%3D5&gl=FR&hl=en-US&cm=2&pc=n&src=1,0,consent.google.com,Philipp Fürst zu Hohenlohe-Langenburg: Das ist über die Krönung von Charles III. bekannt - SWR Aktuell,"<ol><li>Philipp Fürst zu Hohenlohe-Langenburg: Das ist über die Krönung von Charles III. bekannt  SWR Aktuell
</li><li>Charles' Krönung: Warum der König voll auf „Second Hand“ setzt | Unterhaltung  BILD
</li><li>Kurz vor Charles' Krönung: Prinzessin Anne ve…",,2023-05-03T07:27:11Z,,"We use cookies and data to<ul><li>Deliver and maintain Google services</li><li>Track outages and protect against spam, fraud, and abuse</li><li>Measure audience engagement and site statistics to unde… [+1131 chars]",,de,'Charles III'
https://taz.de/Vor-Kroenung-des-britischen-Monarchen/!5932183/,https://taz.de/Vor-Kroenung-des-britischen-Monarchen/!5932183/,0,taz.de,Vor Krönung des britischen Monarchen: Explosion am Buckingham-Palast,"Die Vorbereitungen für die Krönung von Charles III. laufen auf Hochtouren. Ein Mann hantiert mit einer verdächtigen Tasche, die Polizei greift ein.",https://taz.de/picture/6242331/948/32733917-1.jpeg,2023-05-03T07:36:00Z,,"Die Vorbereitungen für die Krönung von Charles III. laufen auf Hochtouren. Ein Mann hantiert mit einer verdächtigen Tasche, die Polizei greift ein.
Touristenattraktion und offizieller Sitz der Royal… [+3070 chars]",,de,'Charles III'
https://www.n-tv.de/leute/James-Bond-muss-Attentat-auf-Koenig-vereiteln-article24094780.html,https://www.n-tv.de/leute/James-Bond-muss-Attentat-auf-Koenig-vereiteln-article24094780.html,0,www.n-tv.de,Neuer Roman zur Krönung: James Bond muss Attentat auf König vereiteln,"Bekanntermaßen ist James Bond alias 007 in geheimer Mission und im Auftrag seiner Majestät unterwegs. Zur Krönung von König Charles III. erscheint nun ein neuer Roman rund um den fiktiven Agenten, in dem er auch gleich das Leben des Royals retten muss.",https://bilder4.n-tv.de/img/incoming/crop24094807/7051322660-cImg_16_9-w1200/imago0091943285h.jpg,2023-05-03T07:42:26Z,,"Bekanntermaßen ist James Bond alias 007 in geheimer Mission und im Auftrag seiner Majestät unterwegs. Zur Krönung von König Charles III. erscheint nun ein neuer Roman rund um den fiktiven Agenten, in… [+2013 chars]",,de,'Charles III'
https://consent.google.com/ml?continue=https://news.google.com/rss/articles/CBMicmh0dHBzOi8vd3d3Lm1lcmt1ci5kZS9ib3VsZXZhcmQvcm95YWxzLWVpbmxhZHVuZy1rcm9lbnVuZy1kZXV0c2NoZW4tdmVyd2FuZHRlbi1rb21tZW4tY2hhcmxlcy1sb25kb24tOTIyNDE1MjEuaHRtbNIBAA?oc%3D5&gl=FR&hl=en-US&cm=2&pc=n&src=1,https://consent.google.com/ml?continue=https://news.google.com/rss/articles/CBMicmh0dHBzOi8vd3d3Lm1lcmt1ci5kZS9ib3VsZXZhcmQvcm95YWxzLWVpbmxhZHVuZy1rcm9lbnVuZy1kZXV0c2NoZW4tdmVyd2FuZHRlbi1rb21tZW4tY2hhcmxlcy1sb25kb24tOTIyNDE1MjEuaHRtbNIBAA?oc%3D5&gl=FR&hl=en-US&cm=2&pc=n&src=1,0,consent.google.com,Einladung zur Krönung: Deutsche Verwandtschaft kommt zu Charles III. nach London - Merkur.de,"<ol><li>Einladung zur Krönung: Deutsche Verwandtschaft kommt zu Charles III. nach London  Merkur.de
</li><li>König Charles' Krönung: Neben Motsi - diese Deutschen stehen auf der Gästeliste  FOCUS Online
</li><li>Quiz zur Krönung von König Charles: Sind Sie …",,2023-05-03T07:55:52Z,,"We use cookies and data to<ul><li>Deliver and maintain Google services</li><li>Track outages and protect against spam, fraud, and abuse</li><li>Measure audience engagement and site statistics to unde… [+1131 chars]",,de,'König Charles III'
https://consent.google.com/ml?continue=https://news.google.com/rss/articles/CBMihQFodHRwczovL3d3dy5idW50ZS5kZS9yb3lhbHMvYnJpdGlzY2hlcy1rb2VuaWdzaGF1cy9rb2VuaWctY2hhcmxlcy1rcm9lbnVuZy1pbS10aWNrZXItbGVnb2xhbmQtd2luZHNvci1lcnJpY2h0ZXQtbWluaWF0dXJrcm9lbnVuZy5odG1s0gEA?oc%3D5&gl=FR&hl=en-US&cm=2&pc=n&src=1,https://consent.google.com/ml?continue=https://news.google.com/rss/articles/CBMihQFodHRwczovL3d3dy5idW50ZS5kZS9yb3lhbHMvYnJpdGlzY2hlcy1rb2VuaWdzaGF1cy9rb2VuaWctY2hhcmxlcy1rcm9lbnVuZy1pbS10aWNrZXItbGVnb2xhbmQtd2luZHNvci1lcnJpY2h0ZXQtbWluaWF0dXJrcm9lbnVuZy5odG1s0gEA?oc%3D5&gl=FR&hl=en-US&cm=2&pc=n&src=1,0,consent.google.com,König Charles' Krönung im Ticker: Prinz William sorgt für emotionalen Auftritt - BUNTE.de,"<ol><li>König Charles' Krönung im Ticker: Prinz William sorgt für emotionalen Auftritt  BUNTE.de
</li><li>König Charles III.: Warum die Krönung so wichtig ist wie die Mondlandung | Unterhaltung  BILD
</li><li>König Charles' Krönung: Neben Motsi - diese Deut…",,2023-05-03T08:11:00Z,,"We use cookies and data to<ul><li>Deliver and maintain Google services</li><li>Track outages and protect against spam, fraud, and abuse</li><li>Measure audience engagement and site statistics to unde… [+1131 chars]",,de,'Charles III'
https://www.brigitte.de/aktuell/kroenung-von-charles-iii---was-man-ueber-die-edwardskrone-wissen-muss-13520996.html,https://www.brigitte.de/aktuell/kroenung-von-charles-iii---was-man-ueber-die-edwardskrone-wissen-muss-13520996.html,0,www.brigitte.de,Krönung von Charles III.: Was man über die Edwardskrone wissen muss,Sie ist eines der bedeutendsten Symbole der Monarchie: Die Edwardskrone spielt eine besondere Bedeutung bei der Krönung von Charles III.,https://image.brigitte.de/13520998/t/9I/v1/w1440/r1.7778/-/03--was-man-ueber-die-edwardskrone-wissen-muss---1-1---spoton-article-1041224.jpg,2023-05-03T08:14:00Z,,"Sie ist eines der bedeutendsten Symbole der Monarchie: Die Edwardskrone spielt eine besondere Bedeutung bei der Krönung von Charles III.
Die Edwardskrone wird bei der Krönung von Charles III. (74) d… [+3218 chars]",,de,'Charles III'
https://www.stern.de/kultur/kroenung-von-charles-iii---das-muss-man-ueber-die-edwardskrone-wissen-33431808.html,https://www.stern.de/kultur/kroenung-von-charles-iii---das-muss-man-ueber-die-edwardskrone-wissen-33431808.html,0,www.stern.de,Krönung von Charles III.: Das muss man über die Edwardskrone wissen,Sie ist eines der bedeutendsten Symbole der Monarchie: Die Edwardskrone spielt eine besondere Bedeutung bei der Krönung von Charles III.,https://image.stern.de/33431812/t/LM/v1/w1440/r1.7778/-/03--das-muss-man-ueber-die-edwardskrone-wissen---16-9---spoton-article-1041224.jpg,2023-05-03T08:16:00Z,,"Sie ist eines der bedeutendsten Symbole der Monarchie: Die Edwardskrone spielt eine besondere Bedeutung bei der Krönung von Charles III.
Die Edwardskrone wird bei der Krönung von Charles III. (74) d… [+3218 chars]",,de,'Charles III'
https://www.diepresse.com/6283097/gaesteliste-wer-kommt-zur-kroenung,https://www.diepresse.com/6283097/gaesteliste-wer-kommt-zur-kroenung,0,www.diepresse.com,Gästeliste: Wer kommt zur Krönung?,"Verdienste stechen Abstammung. Nachdem König Charles III. bei der Auswahl seiner Krönungsgäste ""meritokratisch“ vorgegangen ist, schauen die meisten Herzöge Großbritanniens durch die Finger.",https://media.diepresse.com/social_diepresse_nachrichten/images/uploads_1200/f/5/9/6283097/A-detailed-view-of-the-Royal-cypher-on-the-Chair-of-Estate-for-the-Queen-Consort-in-Windsor_1683103782579539_v0_l.jpg,2023-05-03T08:30:00Z,,"Verdienste stechen Abstammung. Nachdem König Charles III. bei der Auswahl seiner Krönungsgäste ""meritokratisch vorgegangen ist, schauen die meisten Herzöge Großbritanniens durch die Finger.
Während … [+3911 chars]",,de,'Charles III'
https://www.stern.de/lifestyle/leute/spende--kroenung-von-charles-hilft-seltenem-papagei-in-australien-33431988.html,https://www.stern.de/lifestyle/leute/spende--kroenung-von-charles-hilft-seltenem-papagei-in-australien-33431988.html,0,www.stern.de,Spende: Krönung von Charles hilft seltenem Papagei in Australien,Sydney/London - Die Krönung von König Charles III. kommt auch einem seltenen Papagei in Australien zugute: Das offizielle Krönungsgeschenk in Höhe von,https://image.stern.de/33431990/t/D-/v1/w1440/r1.7778/-/03--urnnewsmldpacom2009010123050399540162v2w800h600l722t104r2472b1387jpeg---708dea439bea68e4.jpg,2023-05-03T08:54:52Z,,"Das offizielle Krönungsgeschenk in Höhe von 10.000 australischen Dollar soll einem seltenen Papagei in Australien zugute kommen.
Die Krönung von König Charles III. kommt auch einem seltenen Papagei … [+922 chars]",,de,'Charles III'
https://www.n-tv.de/leute/Charles-bekommt-Gegenwind-von-Anne-article24095208.html,https://www.n-tv.de/leute/Charles-bekommt-Gegenwind-von-Anne-article24095208.html,0,www.n-tv.de,Schwester gegen Abspeck-Pläne: Charles bekommt Gegenwind von Anne,"König Charles III. hat früh geäußert, die britische Monarchie verschlanken zu wollen. Seine Schwester, Prinzessin Anne, hält das insgesamt für keine gute Idee. In einem seltenen Interview übt die 72-Jährige Kritik an den einstigen Plänen ihres zwei Jahre älte…",https://bilder2.n-tv.de/img/incoming/crop24095221/9721324163-cImg_16_9-w1200/imago0169691928h.jpg,2023-05-03T09:19:25Z,,"König Charles III. hat früh geäußert, die britische Monarchie verschlanken zu wollen. Seine Schwester, Prinzessin Anne, hält das insgesamt für keine gute Idee. In einem seltenen Interview übt die 72-… [+1897 chars]",,de,'Charles III'
https://www.brigitte.de/aktuell/koenig-charles-iii---militaer-probt-mitten-in-der-nacht-in-london-fuer-die-kroenung-13521160.html,https://www.brigitte.de/aktuell/koenig-charles-iii---militaer-probt-mitten-in-der-nacht-in-london-fuer-die-kroenung-13521160.html,0,www.brigitte.de,König Charles III.: Militär probt mitten in der Nacht in London für die Krönung,Vor der Krönung von König Charles III. laufen die Vorbereitungen auf Hochtouren. Das Militär hielt nun mitten in der Nacht eine Probe ab.,https://image.brigitte.de/13521162/t/xo/v1/w1440/r1.7778/-/03--militaer-probt-mitten-in-der-nacht-in-london-fuer-die-kroenung---1-1---spoton-article-1044060.jpg,2023-05-03T09:50:00Z,,"Vor der Krönung von König Charles III. laufen die Vorbereitungen auf Hochtouren. Das Militär hielt nun mitten in der Nacht eine Probe ab.
In wenigen Tagen wird Charles III. (74) vor 2.000 geladenen … [+1489 chars]",,de,'König Charles III'
https://www.stern.de/kultur/koenig-charles-iii---militaer-probt-um-mitternacht-fuer-die-kroenung-33432338.html,https://www.stern.de/kultur/koenig-charles-iii---militaer-probt-um-mitternacht-fuer-die-kroenung-33432338.html,0,www.stern.de,König Charles III.: Militär probt um Mitternacht für die Krönung,Vor der Krönung von König Charles III. laufen die Vorbereitungen auf Hochtouren. Das Militär hielt nun mitten in der Nacht eine Probe ab.,https://image.stern.de/33432342/t/1N/v1/w1440/r1.7778/-/03--militaer-probt-um-mitternacht-fuer-die-kroenung---16-9---spoton-article-1044060.jpg,2023-05-03T09:57:00Z,,"Vor der Krönung von König Charles III. laufen die Vorbereitungen auf Hochtouren. Das Militär hielt nun mitten in der Nacht eine Probe ab.
In wenigen Tagen wird Charles III. (74) vor 2.000 geladenen … [+1489 chars]",,de,'König Charles III'
https://www.zeit.de/2023/19/papst-franziskus-ungarn-reise,https://www.zeit.de/2023/19/papst-franziskus-ungarn-reise,0,www.zeit.de,Papst Franziskus in Ungarn: Er fliegt noch,"Nach seinem Klinikaufenthalt sah es aus, als könne der Papst nicht mehr reisen. Jetzt war er in Ungarn. Der Autor Andreas Englisch war mit an Bord.",,2023-05-03T10:58:18Z,,"When browsing with ads:
We collect personal data and also transmit it to third-party providers
 that help us improve and finance our digital content. Some of the information stored on your device, … [+732 chars]",,de,'Papst Franziskus'
https://www.sueddeutsche.de/panorama/promi-news-ed-sheeran-kevin-costner-cate-blanchett-jan-boehmermann-quentin-tarantino-1.5836559,https://www.sueddeutsche.de/panorama/promi-news-ed-sheeran-kevin-costner-cate-blanchett-jan-boehmermann-quentin-tarantino-1.5836559,0,www.sueddeutsche.de,Leute: Das Ende vom Lied?,"Ed Sheeran droht mit seinem Karriereende, Kevin Costner lässt sich scheiden und Cate Blanchett lobt Angela Merkel.",https://www.sueddeutsche.de/image/sz.1.5836565/1200x675?v=1683115036,2023-05-03T11:57:25Z,https://web.archive.org/web/20230503161047/https://www.sueddeutsche.de/panorama/promi-news-ed-sheeran-kevin-costner-cate-blanchett-jan-boehmermann-quentin-tarantino-1.5836559,"Ed Sheeran droht mit seinem Karriereende, Kevin Costner lässt sich scheiden und Cate Blanchett lobt Angela Merkel.Ed Sheeran, 32, britischer Musiker, droht damit, seine Karriere zu beenden. Vor einem… [+2913 chars]",,de,'Jan Böhmermann'
https://www.freitag.de/autoren/ines-schwerdtner/platz-da-ihr-fossilen-hier-kommt-die-gruene-elite,https://www.freitag.de/autoren/ines-schwerdtner/platz-da-ihr-fossilen-hier-kommt-die-gruene-elite,0,www.freitag.de,"Transformation | Platz da, ihr Fossilen: Hier kommt die grüne Elite!","Der Wirtschaftsminister Robert Habeck will die Heizwende, die FDP blockiert. Hinter dem Koalitionsstreit liegt ein tieferer Konflikt. Wer seid ihr: fossiles oder grünes Kapital? Besitzstandswahrer oder E-Radfahrerin? Hören wir da richtig? Die Liberalen warnen…",https://www.freitag.de/autoren/ines-schwerdtner/platz-da-ihr-fossilen-hier-kommt-die-gruene-elite/@@images/social_image,2023-05-03T16:00:00Z,https://web.archive.org/web/20230505032142/https://www.freitag.de/autoren/ines-schwerdtner/platz-da-ihr-fossilen-hier-kommt-die-gruene-elite,"Hören wir da richtig? Die Liberalen warnen vor einem Blindflug des Marktes, während Robert Habeck sich freut, dass die Preise durch eine US-Übernahme der Wärmepumpen-Produktion sinken könnten? Das Ge… [+9824 chars]",,de,'Julian Reichelt'
https://www.faz.net/aktuell/feuilleton/medien/reschke-fernsehen-zu-reichelt-nicht-mehr-in-mediathek-18866436.html,https://www.faz.net/aktuell/feuilleton/medien/reschke-fernsehen-zu-reichelt-nicht-mehr-in-mediathek-18866436.html,0,www.faz.net,Reichelt-Sendung offline: „Reschke Fernsehen“ hat Sendepause,"Der Anwalt des früheren „Bild“-Chefs Julian Reichelt hat gegen eine Ausgabe von „Reschke Fernsehen“ eine umfassende Verfügung erwirkt. Der NDR gab an, das Gericht habe die Berichterstattung bestätigt. Doch nun ist die Sendung nicht mehr da.",https://media1.faz.net/ppmedia/aktuell/gesellschaft/2736173263/1.8648349/facebook_teaser/ihre-sendung-darf-zahlreiche.jpg,2023-05-03T17:17:48Z,http://archive.md/20230503205957/https://www.faz.net/aktuell/feuilleton/medien/reschke-fernsehen-zu-reichelt-nicht-mehr-in-mediathek-18866436.html,"Am Dienstag teilte der Anwalt des früheren Bild-Chefredakteurs Julian Reichelt mit, man habe gegen die NDR-Sendung Reschke Fernsehen eine umfassende einstweilige Verfügung erwirkt. Elf von 16 Passage… [+1644 chars]",,de,'Julian Reichelt'
https://www.horizont.net/medien/nachrichten/reschke-fernsehen-ndr-nimmt-nach-urteil-sendung-ueber-julian-reichelt-aus-ard-mediathek-211647,https://www.horizont.net/medien/nachrichten/reschke-fernsehen-ndr-nimmt-nach-urteil-sendung-ueber-julian-reichelt-aus-ard-mediathek-211647,0,www.horizont.net,"""Reschke Fernsehen"": NDR nimmt nach Urteil Sendung über Julian Reichelt aus ARD-Mediathek","Der Norddeutsche Rundfunk (NDR) hat nach einem Gerichtsurteil eine Sendung über den früheren Bild-Chefredakteur Julian Reichelt aus der ARD-Mediathek entfernt. Der öffentlich-rechtliche Sender teilte am Mittwoch auf Anfrage der Deutschen Presse-Agentur mit, d…",https://www.horizont.net/news/media/41/Julian-Reichelt-2020-406653.jpeg,2023-05-04T05:55:00Z,https://web.archive.org/web/20230506143818/https://www.horizont.net/medien/nachrichten/reschke-fernsehen-ndr-nimmt-nach-urteil-sendung-ueber-julian-reichelt-aus-ard-mediathek-211647,Der Norddeutsche Rundfunk (NDR) hat nach einem Gerichtsurteil eine Sendung über den früheren Bild-Chefredakteur Julian Reichelt aus der ARD-Mediathek entfernt. Der öffentlich-rechtliche Sender teilte… [+1299 chars],,de,'Julian Reichelt'
https://www.stern.de/gesellschaft/gregor-peter-schmitz-ueber-das-grosse-titel-interview-mit-jan-boehmermann-33428222.html,https://www.stern.de/gesellschaft/gregor-peter-schmitz-ueber-das-grosse-titel-interview-mit-jan-boehmermann-33428222.html,0,www.stern.de,stern-Chefredakteur: Moralapostel oder Aufklärer? Gregor Peter Schmitz über das große Titel-Interview mit Jan Böhmermann,"Ist er Deutschlands härtester Aufklärer? Oder straft er nur alle ab, die ihm nicht passen? Gregor Peter Schmitz wirft einen Blick hinter die Kulissen des stern-Gesprächs mit Jan Böhmermann. Außerdem: Bidens erneute Präsidentschaftskandidatur und die Verleihun…",https://image.stern.de/33435044/t/Ej/v3/w1440/r1.7778/-/stern-cover.jpg,2023-05-04T07:34:00Z,https://web.archive.org/web/20230506075134/https://www.stern.de/gesellschaft/gregor-peter-schmitz-ueber-das-grosse-titel-interview-mit-jan-boehmermann-33428222.html,"Liebe Leserin, lieber Leser,
ich liebe Clowns. Ich liebe Komikerinnen und Komiker. Und die größte Liebe empfinde ich für jene, die ganz ohne Schenkelklopfen in sich ruhen und doch per Komik Welten e… [+3394 chars]",,de,'Jan Böhmermann'
https://www.welt.de/politik/ausland/article245140030/Aussage-im-Zivilprozess-Trump-bezeichnet-Vergewaltigungsvorwurf-als-laecherlich.html,https://www.welt.de/politik/ausland/article245140030/Aussage-im-Zivilprozess-Trump-bezeichnet-Vergewaltigungsvorwurf-als-laecherlich.html,0,www.welt.de,Trump bezeichnet Vergewaltigungsvorwurf als „lächerlich“,"Die Autorin E. Jean Carroll wirft Donald Trump vor, sie vergewaltigt zu haben. Nun berichten weitere Frauen von übergriffigem Verhalten des Ex-US-Präsidenten. Der wiederum erscheint selbst nicht zum Prozess und erklärt diese Beschuldigungen für frei erfunden.",https://img.welt.de/img/bildergalerien/mobile245140242/2831356697-ci16x9-w1200/Zivilprozess-wegen-Vergewaltigungsvorwurf-gegen-Trump-beginnt.jpg,2023-05-04T08:07:10Z,https://web.archive.org/web/20230504233035/https://www.welt.de/politik/ausland/article245140030/Aussage-im-Zivilprozess-Trump-bezeichnet-Vergewaltigungsvorwurf-als-laecherlich.html,"Der frühere US-Präsident Donald Trump hat den gegen ihn von der Autorin E. Jean Carroll erhobenen Vergewaltigungsvorwurf in einer eidesstattlichen Aussage als lächerlich bezeichnet. Deren Behauptung,… [+4426 chars]",,de,'Donald Trump'
https://fm4.orf.at/stories/3033326/,https://fm4.orf.at/stories/3033326/,0,fm4.orf.at,Das ESC-Entweder-Oder mit Jan Böhmermann und Olli Schulz,"Entweder Österreich oder Deutschland, entweder Publikums-Voting oder Experten-Jury, entweder guter Song oder gute Message? FM4-Eurovision Kommentatoren Jan Böhmermann und Olli Schulz müssen sich entscheiden.",https://tubestatic.orf.at/static/images/site/tube/20230518/unbenannt-2.5996352.gif,2023-05-05T07:31:00Z,https://web.archive.org/web/20230506073555/https://fm4.orf.at/stories/3033326/,"Entweder Österreich oder Deutschland, entweder Publikums-Voting oder Experten-Jury, entweder guter Song oder gute Message? FM4-Eurovision Kommentatoren Jan Böhmermann und Olli Schulz müssen sich ents… [+4836 chars]",,de,'Jan Böhmermann'
https://www.stern.de/panorama/fynn-kliemann--verfahren-gegen-ex-geschaeftspartner-eingestellt-33439324.html,https://www.stern.de/panorama/fynn-kliemann--verfahren-gegen-ex-geschaeftspartner-eingestellt-33439324.html,0,www.stern.de,Tom Illbruck: Masken-Recherche von Böhmermann: Verfahren gegen Ex-Geschäftspartner von Fynn Kliemann eingestellt,"Das Betrugs-Verfahren gegen den Ex-Geschäftspartner von Youtuber Fynn Kliemann wurde eingestellt. Anlass waren Masken-Geschäfte während der Corona-Pandemie. Recherchen des ""ZDF Magazin Royale"" von Jan Böhmermann hatten die Ermittlungen ausgelöst.",https://image.stern.de/33439784/t/oS/v1/w1440/r1.7778/-/fynn-kliemann.jpg,2023-05-05T09:30:00Z,https://web.archive.org/web/20230505141612/https://www.stern.de/panorama/fynn-kliemann--verfahren-gegen-ex-geschaeftspartner-eingestellt-33439324.html,"Das Betrugs-Verfahren gegen den Ex-Geschäftspartner von Youtuber Fynn Kliemann wurde eingestellt. Anlass waren Masken-Geschäfte während der Corona-Pandemie. Recherchen des ""ZDF Magazin Royale"" von Ja… [+1316 chars]",,de,'Jan Böhmermann'
