,phrase,label,sentiment,subjectivity,language,count
Ukraine,,,,,,
Russland,,,,,,
Berlin,,,,,,
Deutschland,,,,,,
USA,,,,,,
US-Präsident,,,,,,
Washington,,,,,,
Kiew,,,,,,
China,,,,,,
Russlands,,,,,,
Br\u00fcssel,,,,,,
\u00fcberall,,,,,,
Moskau,,,,,,
London,,,,,,
Vatikan,,,,,,
den USA,,,,,,
Belarus,,,,,,
Israel,,,,,,
Iran,,,,,,
Europa,,,,,,
Chinas,,,,,,
Rom,,,,,,
Frankreich,,,,,,
Lützerath,,,,,,
Polen,,,,,,
Großbritannien,,,,,,
Brüssel,,,,,,
Kreml,,,,,,
Deutschlands,,,,,,
US-Präsidenten,,,,,,
New York,,,,,,
Katar,,,,,,
Neuseeland,,,,,,
Cherson,,,,,,
Frankreichs,,,,,,
Bachmut,,,,,,
Scholz,,,,,,
Ungarn,,,,,,
Paris,,,,,,
Bali,,,,,,
Israels,,,,,,
Freier,,,,,,
Petersdom,,,,,,
Brasilien,,,,,,
Petersplatz,,,,,,
Nordkorea,,,,,,
Landes,,,,,,
Peking,,,,,,
Hessen,,,,,,
Indien,,,,,,
Türkei,,,,,,
Weiße Haus,,,,,,
Berlins,,,,,,
US-Regierung,,,,,,
Union,,,,,,
Florida,,,,,,
Krim,,,,,,
Bayern,,,,,,
Staaten,,,,,,
Davos,,,,,,
Soledar,,,,,,
Selenskyj,,,,,,
Hamburg,,,,,,
Weißen Haus,,,,,,
Bayerns,,,,,,
Amt,,,,,,
Brasiliens,,,,,,
München,,,,,,
Privacy Center,,,,,,
Neuseelands,,,,,,
Südkorea,,,,,,
Italiens,,,,,,
Thüringens,,,,,,
Italien,,,,,,
Musk,,,,,,
Europas,,,,,,
Westminster Abbey,,,,,,
Ägypten,,,,,,
Stadt,,,,,,
Lauterbach,,,,,,
Saudi-Arabien,,,,,,
Twitter,,,,,,
D,,,,,,
Mexiko,,,,,,
Minsk,,,,,,
Teheran,,,,,,
Polens,,,,,,
S,,,,,,
Kapitol,,,,,,
Briten,,,,,,
Bund,,,,,,
Australien,,,,,,
Russen,,,,,,
Indonesien,,,,,,
Donezk,,,,,,
Kiews,,,,,,
Japan,,,,,,
Chez Krömer,,,,,,
US-Außenminister,,,,,,
Startseite</li><li,,,,,,
Vereinigten Staaten,,,,,,
Großbritanniens,,,,,,
Putin,,,,,,
Den Haag,,,,,,
Finanzminister,,,,,,
Ukraine-News,,,,,,
Donbass,,,,,,
Südafrika,,,,,,
Palast,,,,,,
Warschau,,,,,,
Amerikaner,,,,,,
Köln,,,,,,
Ostukraine,,,,,,
Südafrikas,,,,,,
Veröffentlichung,,,,,,
G-20-Gipfel,,,,,,
Singapur,,,,,,
Amerika,,,,,,
Nordkoreas,,,,,,
Dnipro,,,,,,
Taiwan,,,,,,
Xi,,,,,,
Floridas,,,,,,
Sachsens,,,,,,
Bundesrepublik,,,,,,
Georgia,,,,,,
Amerikas,,,,,,
Kiewer,,,,,,
Rumänien,,,,,,
Afrika,,,,,,
Äthiopien,,,,,,
Bidens,,,,,,
Kanada,,,,,,
Ukraine-Krieg +++,,,,,,
Griechenland,,,,,,
Moskaus,,,,,,
Manhattan,,,,,,
Schweden,,,,,,
Brasília,,,,,,
Thüringen,,,,,,
Japans,,,,,,
Buckingham-Palast,,,,,,
Delaware,,,,,,
Düsseldorf,,,,,,
Budapest,,,,,,
Österreich,,,,,,
Biden,,,,,,
Kosovo,,,,,,
Jerusalem,,,,,,
G,,,,,,
Potsdam,,,,,,
Stuttgart,,,,,,
Sunak,,,,,,
Baden-Württembergs,,,,,,
Robert-Koch-Institut,,,,,,
Israelis,,,,,,
Aachen,,,,,,
Syrien,,,,,,
Sachsen,,,,,,
Serbien,,,,,,
Ukraine-Update,,,,,,
Tübinger,,,,,,
Argentinien,,,,,,
Landtagswahl,,,,,,
Bukarest,,,,,,
Tokio,,,,,,
Downing Street,,,,,,
Stadt Soledar,,,,,,
Spanien,,,,,,
Luftalarm,,,,,,
Lula,,,,,,
Ukraine-Krieg,,,,,,
Brandenburger Tor,,,,,,
Arizona,,,,,,
Tech-Milliardär,,,,,,
New Yorker,,,,,,
Midterms,,,,,,
Baden-Württemberg,,,,,,
Ramstein,,,,,,
San Francisco,,,,,,
Irans,,,,,,
Charkiw,,,,,,
Seoul,,,,,,
Videoansprache,,,,,,
Corona,,,,,,
Bahrain,,,,,,
Asien,,,,,,
Drucken</li><li,,,,,,
(74,,,,,,
Indiens,,,,,,
Nigeria,,,,,,
Teilen</li><li,,,,,,
Schloss Bellevue,,,,,,
E-Mail</li><li,,,,,,
Klimaaktivisten,,,,,,
Kommentare</li><li,,,,,,
Athen,,,,,,
Odessa,,,,,,
Selenskij,,,,,,
Lambrecht,,,,,,
Pjöngjang,,,,,,
Tübingen,,,,,,
Afghanistan,,,,,,
Finnland,,,,,,
Maskenpflicht,,,,,,
Saporischschja,,,,,,
Qualitätsartikel,,,,,,
Tel Aviv,,,,,,
Europäer,,,,,,
Niedersachsen,,,,,,
Volksrepublik,,,,,,
H,,,,,,
Luhansk,,,,,,
Erfurt,,,,,,
Moskauer,,,,,,
Straße,,,,,,
Brandenburgs,,,,,,
Ukraine-Kriegs,,,,,,
Illerkirchberg,,,,,,
Hannover,,,,,,
Norwegen,,,,,,
Chile,,,,,,
Niederlande,,,,,,
Landtag,,,,,,
Amtsgericht Tiergarten,,,,,,
Finnlands,,,,,,
Mexiko-Stadt,,,,,,
Buckingham Palast,,,,,,
F.A.Z.-Newsletter,,,,,,
Landgericht Traunstein,,,,,,
Brokstedt,,,,,,
Tübingens,,,,,,
Kalifornien,,,,,,
Palästinenser,,,,,,
Schottland,,,,,,
Erde,,,,,,
Niedersachsens,,,,,,
EU-Staaten,,,,,,
Straßburg,,,,,,
Hasso-Plattner-Institut,,,,,,
(74),,,,,,
Ungarns,,,,,,
Buckingham Palace,,,,,,
Wellington,,,,,,
Grossbritannien,,,,,,
Asiens,,,,,,
Trump,,,,,,
Verteidigungsministeriums,,,,,,
Brexit,,,,,,
NRW,,,,,,
Südkoreas,,,,,,
Belgien,,,,,,
Libanon,,,,,,
Weltbank-Chef,,,,,,
M,,,,,,
Corona-Maßnahmen,,,,,,
Republik,,,,,,
Brandenburg,,,,,,
Wiesbaden,,,,,,
Neu-Delhi,,,,,,
Hause,,,,,,
Taiwans,,,,,,
Schweiz,,,,,,
Dresden,,,,,,
Leyen,,,,,,
Strompreisbremse,,,,,,
Brasilia,,,,,,
Frankfurt,,,,,,
Bolsonaro,,,,,,
Erzbistum Berlin,,,,,,
Mariupol,,,,,,
Thüringer,,,,,,
Wagner-Gruppe,,,,,,
Ankara,,,,,,
Donbas,,,,,,
Abgeordnetenhauswahl,,,,,,
Freistaat,,,,,,
Litauen,,,,,,
E,,,,,,
EU-Binnenmarktkommissar,,,,,,
Kremls,,,,,,
Vereinigten Königreich,,,,,,
Kloster Mater Ecclesiae,,,,,,
Schwedens,,,,,,
Kuba,,,,,,
Royals,,,,,,
Wolfsburg,,,,,,
Altötting,,,,,,
Sandringham,,,,,,
Dauermobbing,,,,,,
P,,,,,,
Riad,,,,,,
York,,,,,,
Indonesiens,,,,,,
IMAGO,,,,,,
Südamerika,,,,,,
Erzbistum Köln,,,,,,
Nowa Kachowka,,,,,,
Au,,,,,,
Afrikas,,,,,,
Merz,,,,,,
El Paso,,,,,,
Bangkok,,,,,,
Nordrhein-Westfalen,,,,,,
Potsdamer,,,,,,
britische Regierung,,,,,,
Franzosen,,,,,,
Bundesinnenministerium,,,,,,
Auswärtigen Amt,,,,,,
Drohnenangriffen,,,,,,
Kambodscha,,,,,,
Südostasien,,,,,,
Bulgarien,,,,,,
Malpass,,,,,,
Liverpool,,,,,,
Pekings,,,,,,
Gysi,,,,,,
Texas,,,,,,
Internationalen Strafgerichtshofs,,,,,,
Luxemburg,,,,,,
New Orleans,,,,,,
Shanghai,,,,,,
Peru,,,,,,
Gaspreisbremse,,,,,,
Serbiens,,,,,,
Kapitol-Sturm,,,,,,
Kanadas,,,,,,
Münster,,,,,,
Chinesen,,,,,,
Lanz,,,,,,
Bonn,,,,,,
Raketeneinschlag,,,,,,
Corona-Winterwelle,,,,,,
Bundesverfassungsgericht,,,,,,
Nordamerika,,,,,,
Gomel,,,,,,
Moldau,,,,,,
Schloss Windsor,,,,,,
Costa Rica,,,,,,
T,,,,,,
Kroatien,,,,,,
Pazifik,,,,,,
Georgien,,,,,,
US-Bürger,,,,,,
Mexikos,,,,,,
Slowakei,,,,,,
Sachsen-Anhalt,,,,,,
israelische Regierung,,,,,,
Scharm el-Scheich,,,,,,
Ärmelkanal,,,,,,
UKRAINE-KRIEG,,,,,,
Inder,,,,,,
Atomkraftwerk Saporischschja,,,,,,
Schwedin,,,,,,
US-Präsidentschaft,,,,,,
England,,,,,,
kriegsgebeutelte Land,,,,,,
Ukraine-Kontaktgruppe,,,,,,
Selenskyj-Berater,,,,,,
Erdogan,,,,,,
Hamburgs,,,,,,
Franzose,,,,,,
WEB.DE News,,,,,,
Ostdeutschland,,,,,,
Brüsseler,,,,,,
Neukölln,,,,,,
Panzerfrage,,,,,,
Wilhelmshaven,,,,,,
Bedrängnis,,,,,,
Schottlands,,,,,,
New Hampshire,,,,,,
Flughafen,,,,,,
Kolesnikowa,,,,,,
Treffen,,,,,,
Maricopa County,,,,,,
Mar-a-Lago,,,,,,
Foto,,,,,,
rechts-religiöse,,,,,,
Mecklenburg-Vorpommern,,,,,,
Bundeswirtschaftsminister,,,,,,
Doha,,,,,,
!,,,,,,
Irak,,,,,,
Vereinigten Königreichs,,,,,,
Philadelphia,,,,,,
Kreml-Angaben,,,,,,
Meghan,,,,,,
St,,,,,,
Australian Open,,,,,,
Rehoboth,,,,,,
Covid-19,,,,,,
Atommacht,,,,,,
Brandenburger,,,,,,
Südsudan,,,,,,
Schleswig-Holstein,,,,,,
Kanye West,,,,,,
Pence,,,,,,
npshfoqptu,,,,,,
Frankreichs Regierung,,,,,,
Alibaba-Gründer,,,,,,
Wilmington,,,,,,
Díaz-Canel,,,,,,
Nevada,,,,,,
Marokko,,,,,,
Vietnam,,,,,,
Golfstaat,,,,,,
Bamberger,,,,,,
Norweger,,,,,,
Nürnberg,,,,,,
Putin-Freund,,,,,,
Las Vegas,,,,,,
Australiens,,,,,,
Weisse Haus,,,,,,
Snowden,,,,,,
Ehrenfeld,,,,,,
Iowa,,,,,,
Dänemark,,,,,,
Leipzig,,,,,,
Putins,,,,,,
Ohio,,,,,,
Freising,,,,,,
Stockholm,,,,,,
Strafverfolgern,,,,,,
US-Hauptstadt,,,,,,
Aktienkurs-Verluste,,,,,,
Lubmin,,,,,,
Estland,,,,,,
AKW Saporischschja,,,,,,
Stadt Aachen,,,,,,
Nordsyrien,,,,,,
Edwardskrone,,,,,,
South Carolina,,,,,,
Brisanter Fund,,,,,,
Talkshow-König,,,,,,
Land,,,,,,
Mullahs,,,,,,
Berkshire Hathaway,,,,,,
Berliner Abgeordnetenhaus,,,,,,
Armenien,,,,,,
Fünf-Dollar-Note,,,,,,
Hongkong,,,,,,
Madrid,,,,,,
Barley,,,,,,
Luton,,,,,,
Tesla-Aktien,,,,,,
B,,,,,,
Butscha,,,,,,
Doppelwumms,,,,,,
Asien-Pazifik-Region,,,,,,
Marktl am Inn,,,,,,
Gemelli-Klinik,,,,,,
Zürich,,,,,,
Petersdoms,,,,,,
Dortmund,,,,,,
US,,,,,,
Pariser,,,,,,
Millionenhöhe,,,,,,
Saudiarabien,,,,,,
Albanien,,,,,,
Kreml-Propaganda,,,,,,
F,,,,,,
St. Petersburg,,,,,,
Ausländern,,,,,,
Gaspreisdeckel,,,,,,
Bodensee,,,,,,
Palästinensern,,,,,,
Herrenhandtaschen,,,,,,
Wordle,,,,,,
Namibia,,,,,,
Prigoschin,,,,,,
Griechin,,,,,,
Euroraum,,,,,,
Westminster Hall,,,,,,
Blockaden,,,,,,
Haus der Religionen,,,,,,
G20-Staaten,,,,,,
Mecklenburg-Vorpommerns,,,,,,
Ost-Ukraine,,,,,,
Traunstein,,,,,,
Musks,,,,,,
Österreichs,,,,,,
Nürnberger,,,,,,
Ukrain,,,,,,
EU-Außengrenzen,,,,,,
Buckingham,,,,,,
Reichsbürgerszene,,,,,,
Preisbremsen,,,,,,
Schlachtfeld,,,,,,
Belgorod,,,,,,
Nato-Staaten,,,,,,
Boulevard</li></ol,,,,,,
Rote Rathaus,,,,,,
Phnom Penh,,,,,,
Bundes,,,,,,
Whistleblower,,,,,,
Lettland,,,,,,
Wien,,,,,,
Erzbistums Köln,,,,,,
Reichsbürger-Szene,,,,,,
Kolumbien,,,,,,
Korruptions-Skandal,,,,,,
Senegal,,,,,,
Kiel,,,,,,
Preisdeckel,,,,,,
Londons,,,,,,
Weissen Haus,,,,,,
Westminster,,,,,,
Bundesstaat,,,,,,
Istanbul,,,,,,
Silicon Valley,,,,,,
Wärmestuben,,,,,,
Krim-Brücke,,,,,,
Irland,,,,,,
Barcelona,,,,,,
Alaska,,,,,,
Obamas,,,,,,
Corona-Pandemie,,,,,,
Erzbischof von Canterbury,,,,,,
Argentinier,,,,,,
Pennsylvania,,,,,,
Ukraine ++,,,,,,
Erzbischof von,,,,,,
Klima-Ikone,,,,,,
Hessens,,,,,,
Kinshasa,,,,,,
Bundesfinanzministerium,,,,,,
Staatenbund,,,,,,
Schwarze Meer,,,,,,
Bautzener,,,,,,
Braunkohle-Dorf,,,,,,
Rutschbahn,,,,,,
Ble,,,,,,
Bremer,,,,,,
Kasachstan,,,,,,
Volksrepublik China,,,,,,
britischen Regierung,,,,,,
Sars-Cov-2,,,,,,
Sydney,,,,,,
Mützenich,,,,,,
Delhi,,,,,,
(73),,,,,,
(74) und seine Frau Camilla,,,,,,
Di,,,,,,
Niederlanden,,,,,,
Orlando,,,,,,
Wuhledar,,,,,,
bb,,,,,,
Bundesverfassungsgerichts,,,,,,
Uman,,,,,,
Regensburger,,,,,,
Deepfake-Videos,,,,,,
Quoten-Garant,,,,,,
Schwarzen Meer,,,,,,
bayerische Regierung,,,,,,
Palästinensergebiete,,,,,,
Milliardenhöhe,,,,,,
Kampfjet-Lieferung,,,,,,
Lapid,,,,,,
Argentiniens,,,,,,
Amazonas-Regenwaldes,,,,,,
Élysée-Vertrags,,,,,,
ChatGPT-Macher,,,,,,
BBC-Dokumentation,,,,,,
Mali,,,,,,
Sewastopol,,,,,,
BER,,,,,,
Atlanta,,,,,,
Flughafen BER,,,,,,
pepp,,,,,,
Globus,,,,,,
Ramstein-Treffen,,,,,,
Rheinischen Tagebaus,,,,,,
Vereinigten Staaten von Amerika,,,,,,
BILD-Interview,,,,,,
Bundesbank-Präsident,,,,,,
Privatbüro,,,,,,
Mainz,,,,,,
Kreml-Chef,,,,,,
Finanzministerium,,,,,,
Bundesgesundheitsministerium,,,,,,
Uganda,,,,,,
Altstadt,,,,,,
spanische Regierung,,,,,,
Fo,,,,,,
Bosch,,,,,,
Afghanen,,,,,,
Likud,,,,,,
Rostock,,,,,,
(96,,,,,,
Bundeswehrstandort Augustdorf,,,,,,
SPD-Politiker,,,,,,
Südamerika-Reise,,,,,,
Schloss Meseberg,,,,,,
Bundesrechnungshof,,,,,,
Ukraine-Update am Abend,,,,,,
Kalabrien,,,,,,
Koblenz,,,,,,
Getreideabkommens,,,,,,
Hotel Adlon,,,,,,
Karwoche,,,,,,
York Minster,,,,,,
Amerikanerinnen,,,,,,
Jarasch,,,,,,
MH17,,,,,,
Ukraine-Überblick,,,,,,
RBB-Sendung,,,,,,
Twitch-Kanal von Transfermarkt,,,,,,
Legoland Windsor,,,,,,
Fan-Proteste,,,,,,
Analogistan,,,,,,
Bundeskriminalamt,,,,,,
Bloomberg-Milliardärsliste,,,,,,
Kubas,,,,,,
Mannes,,,,,,
Republik Moldau,,,,,,
Kurden,,,,,,
Kampfjet-Debatte,,,,,,
Kongo,,,,,,
Hessen-Wahl,,,,,,
Innenstadt,,,,,,
Friedenslösungen,,,,,,
Deutschlan,,,,,,
Clarence House,,,,,,
Kishida,,,,,,
Corona-Variante,,,,,,
Lawrow,,,,,,
Indexmieten,,,,,,
EU-Sondergipfel,,,,,,
Mont,,,,,,
Mittelmeer,,,,,,
Königreich,,,,,,
Nachri,,,,,,
Vereinigte Königreich,,,,,,
Johannesburg,,,,,,
Abgeordnetenhaus,,,,,,
Westjordanland,,,,,,
Montreal,,,,,,
Eurozone,,,,,,
Tempelberg,,,,,,
Oder,,,,,,
Neu Delhi,,,,,,
Bethlehem,,,,,,
Präsident Selenski,,,,,,
Syriens,,,,,,
Ampel-Parteien,,,,,,
Tschuwaschien,,,,,,
La Nación,,,,,,
Neujahrsnacht,,,,,,
Brasilianer,,,,,,
Sa,,,,,,
Augsburger,,,,,,
Missbrauchsopfers,,,,,,
Römer,,,,,,
St. Josef im Wedding,,,,,,
Kriegsstudien,,,,,,
Belgrad,,,,,,
AfD-Parteichefin,,,,,,
Wahlkampfmodus,,,,,,
Amerikanern,,,,,,
der Schweiz,,,,,,
Kreise,,,,,,
Kaili,,,,,,
Benin-Bronzen,,,,,,
Ukrainer,,,,,,
Spitzenzahlen,,,,,,
Makijiwka,,,,,,
Liebfrauendom,,,,,,
Questlove,,,,,,
Wedding,,,,,,
Trierer,,,,,,
Gefangenenaustausch,,,,,,
Pasok,,,,,,
Vat,,,,,,
+++ Boris Johnson,,,,,,
Litauens,,,,,,
UN-Nothilfekoordinator,,,,,,
Nordukraine,,,,,,
Nordrhein-Westfalens,,,,,,
Twitter-Kurswechsel,,,,,,
Dublin,,,,,,
Schengen-Raum,,,,,,
Korruptionsskandal,,,,,,
Bautzen,,,,,,
russischen Einmarsches,,,,,,
Sturm,,,,,,
Berliner Staatsanwaltschaft,,,,,,
Wall Street,,,,,,
Vatikans,,,,,,
Pristina,,,,,,
Mond,,,,,,
Infektionswellen,,,,,,
Z,,,,,,
Marburg,,,,,,
Bidens Strandhaus,,,,,,
Demokratischen Republik Kongo,,,,,,
französische Regierung,,,,,,
Saarland,,,,,,
hessi,,,,,,
(95,,,,,,
Spionageballon,,,,,,
Adani,,,,,,
Mittwoc,,,,,,
Reichsbürger-Milieu,,,,,,
Fan-Schal,,,,,,
Kampfjets,,,,,,
Kölner Erzbischof,,,,,,
Brüssel +++ Norwegen,,,,,,
Gegens,,,,,,
Kreminna,,,,,,
Corona-Testpflicht,,,,,,
Vermögend,,,,,,
Staateng,,,,,,
Kolosseum,,,,,,
Wil,,,,,,
Apec,,,,,,
Burgenland,,,,,,
Khashoggi,,,,,,
Kalinovsky-Regiment,,,,,,
Chanukka-Leuchter,,,,,,
Pentagon-Leaks,,,,,,
MH17-Abschuss,,,,,,
Schwarzem Meer,,,,,,
Arbeitsgericht Berlin,,,,,,
Bundesgericht,,,,,,
Renten-Debatte,,,,,,
Sudan,,,,,,
Bundestags-Bürogebäuden,,,,,,
Heizwende,,,,,,
Commonwealth-Staat,,,,,,
Saudi-Arabien-Reise,,,,,,
Paris St. Germain,,,,,,
Landgericht Frankfurt,,,,,,
(74) und Königin Camilla,,,,,,
Belmarsh,,,,,,
ANC,,,,,,
Élysée-Palast,,,,,,
Fiskaljahres,,,,,,
Twitter-Umfragen,,,,,,
Corona-Lage,,,,,,
ARD-„Moma,,,,,,
Strassburg,,,,,,
Bloß,,,,,,
Putin-Vertraute,,,,,,
Ukraine-News ++,,,,,,
Krim-Rückgabe,,,,,,
Ukraine +++,,,,,,
Macron,,,,,,
Nordirland,,,,,,
Rumäniens,,,,,,
Dresdner,,,,,,
Indonesier,,,,,,
illner,,,,,,
Hamburg-Ottensen,,,,,,
Kabinettsklausur,,,,,,
Patriot,,,,,,
Mittwoch,,,,,,
Widersprüchen,,,,,,
Nord-Stream-Pipelines,,,,,,
Donbass +++,,,,,,
Bulgariens,,,,,,
Kampfpanzer-Zusage,,,,,,
Kairo,,,,,,
Famil,,,,,,
Berliner Stadtautobahn,,,,,,
Oligarch,,,,,,
Donezker,,,,,,
Kohleland Brandenburg,,,,,,
Neujahrsmesse,,,,,,
Sixtinischen Kapelle,,,,,,
Amtsgericht Stuttgart,,,,,,
Mailand,,,,,,
ukrainischen Regierung,,,,,,
Joint Base Andrews,,,,,,
Atomtest,,,,,,
Verteidigungsbündnisses,,,,,,
Braunkohledorf,,,,,,
Königliche Hoheit,,,,,,
Lwiw,,,,,,
Lukaschenko-Gegnerin,,,,,,
Regierungsdokumenten,,,,,,
Kaili-Skandal,,,,,,
Neuralink,,,,,,
Baerbock,,,,,,
Marktl,,,,,,
Weilers,,,,,,
Oberirdisch,,,,,,
US-,,,,,,
Don,,,,,,
Sussex,,,,,,
Beverly Hills,,,,,,
Roten Rathaus,,,,,,
Russlands Präsident,,,,,,
…,,,,,,
Waffenruhe,,,,,,
Nordirland-Protokoll,,,,,,
Twit,,,,,,
Südchinesischen Meer,,,,,,
Land im Krieg,,,,,,
Faeser,,,,,,
Kölner Dom,,,,,,
Chaos-Stadt,,,,,,
BR24.,,,,,,
Klimaschützern,,,,,,
Weißrussland,,,,,,
EU-Kommissar,,,,,,
Berliner Regierung,,,,,,
Boxwelt,,,,,,
Pretoria,,,,,,
Bagdad,,,,,,
Sowjetstaaten,,,,,,
Silvester-Krawalle,,,,,,
Qatar,,,,,,
Schuldfragen,,,,,,
Bidens Privathaus,,,,,,
Nordmazedonien,,,,,,
Italienerin,,,,,,
Subventionswettlauf,,,,,,
Indiana,,,,,,
Rijeka,,,,,,
Selenski,,,,,,
Burkina Faso,,,,,,
New…,,,,,,
Riga,,,,,,
Panzer-Lieferungen,,,,,,
Kr,,,,,,
Land Russland,,,,,,
Tagelang,,,,,,
Truppenübungsplatz Altengrabow,,,,,,
Altengrabow,,,,,,
Partnerschaftsgewalt,,,,,,
Berdjansk,,,,,,
Bachmut +++,,,,,,
Melbourne,,,,,,
Milliardenumfang,,,,,,
US-Amerikaner,,,,,,
Oberste Wahlgericht,,,,,,
Krk,,,,,,
Svatove,,,,,,
Maaßen,,,,,,
Sowjetzeiten,,,,,,
Präsidentenbüros +++ Fünf Gouverneure,,,,,,
Braunkohletagebau Garzweiler,,,,,,
Bundesanwaltschaft,,,,,,
Czernowitz,,,,,,
Energiepreisbremsen,,,,,,
Stadt Dnipro,,,,,,
Franken,,,,,,
Braunkohle-Abbau,,,,,,
Visaverfahren,,,,,,
Napier,,,,,,
EU-Parlamentspräsidentin,,,,,,
Leopard-Panzer,,,,,,
Holodomor-Resolution,,,,,,
Estlands,,,,,,
Luxushotel,,,,,,
Kreml-Drohung,,,,,,
Hunderten,,,,,,
Getreidelieferungen,,,,,,
Wagner-Söldner,,,,,,
Bangalore,,,,,,
Regierungsunterlagen,,,,,,
Frontnähe,,,,,,
Tirana,,,,,,
Präsidentenbüros,,,,,,
Belarus +++,,,,,,
Raketeneinschlags,,,,,,
Mi,,,,,,
Haushaltsfragen,,,,,,
Portugal,,,,,,
Rhein,,,,,,
Balkan,,,,,,
Rep,,,,,,
Rus,,,,,,
Kölns,,,,,,
Sahra Wagenknecht,,,,,,
Klimahölle,,,,,,
Trümmern,,,,,,
Amazonas-Region,,,,,,
Bardella,,,,,,
Palastmauern,,,,,,
US-Konservativen,,,,,,
Kurzem,,,,,,
Gujarat,,,,,,
Woelki,,,,,,
Stadt Tübingen,,,,,,
Amazonasgebiet,,,,,,
Jahr,,,,,,
Halle,,,,,,
Gazastreifen,,,,,,
ukrainischen Grenze,,,,,,
Wirtschaftsministers,,,,,,
Likud-Partei,,,,,,
Emsland,,,,,,
Auswärtige Amt,,,,,,
Unternehmn,,,,,,
China-Besuch,,,,,,
Elon Musk,,,,,,
Metaverse,,,,,,
Isar 2,,,,,,
Chinese,,,,,,
Berkshire,,,,,,
Erzbistum Bamberg,,,,,,
Nebel,,,,,,
Deutschl,,,,,,
Mao,,,,,,
Pakistan,,,,,,
Balkanroute,,,,,,
Tiktok,,,,,,
Emirat,,,,,,
Minen,,,,,,
Washingtons,,,,,,
russi,,,,,,
SPD-Politikers,,,,,,
det Techbranche,,,,,,
US-Bundesstaat,,,,,,
italienischen Regierung,,,,,,
Nusa Dua,,,,,,
br.de,,,,,,
Präsidentenpartei,,,,,,
Cherson +++,,,,,,
indonesischen Regierung,,,,,,
Flugzwerg,,,,,,
Aktivist*in,,,,,,
Hiroshima,,,,,,
Regierungsgebäude,,,,,,
Gifhorn,,,,,,
Kent,,,,,,
Chevening,,,,,,
Sleepy Joe,,,,,,
Ostukraine +++ Britischer Geheimdienst,,,,,,
Flüssiggas-Terminal,,,,,,
Einbürgerungsprozess,,,,,,
Kanzlergespräch,,,,,,
Intervi,,,,,,
Twitte,,,,,,
Kampfjet-Lieferungen,,,,,,
Londoner Towers,,,,,,
Motorradrockern,,,,,,
Kreises,,,,,,
Washington am Mi,,,,,,
Regier,,,,,,
Reise-News,,,,,,
Hals,,,,,,
EU-Hilfen,,,,,,
US-Generalstabschef,,,,,,
EU-Kollegen,,,,,,
Parlaments-Protokoll,,,,,,
Artillerie-Munition,,,,,,
Charleston,,,,,,
Präsidentschaftsrennen,,,,,,
vel,,,,,,
"Reichsbürger""-Gruppe",,,,,,
Bewerberfeld,,,,,,
Downing Street 10,,,,,,
Regenwälder,,,,,,
Sharm El-Sheikh,,,,,,
amerikanische Regierung,,,,,,
Senegals,,,,,,
Berliner Dom,,,,,,
Elfenbeinküste,,,,,,
"China,/PRNewswire",,,,,,
Medienflüstern,,,,,,
Karlspreisdirektorium,,,,,,
Aquadom,,,,,,
Elysée-Palast,,,,,,
Kapitol-Ausschuss,,,,,,
Culiacán,,,,,,
Abuja,,,,,,
Bismarck-Raum,,,,,,
Russland Moldau,,,,,,
New South Wales,,,,,,
Medikamentenpreisen,,,,,,
Europas Zusammenhalt,,,,,,
Wolgograd,,,,,,
Kailis,,,,,,
Frankfurter Flughafen,,,,,,
Kupfernetze,,,,,,
Island +++,,,,,,
Ostasiens,,,,,,
ostchinesischen Meer Militärmanöver,,,,,,
Hessischer Landtag,,,,,,
Industriebeständen,,,,,,
Putin-Minister,,,,,,
Regionalpremier,,,,,,
Institute for the Study of War,,,,,,
Bachmut +++ Russland,,,,,,
Duisburg,,,,,,
Kramatorsk,,,,,,
Patriot-Flugabwehr,,,,,,
Washington eingetroffen</li><li,,,,,,
Biden-Administration,,,,,,
Tschechien,,,,,,
Patriot-System,,,,,,
Röttgen-Falle,,,,,,
Woher,,,,,,
Xis,,,,,,
Patriot-Systeme,,,,,,
Washington +++ Belarus,,,,,,
Patriot-Systemen,,,,,,
Netanyahu,,,,,,
EU-Korruptionskandal,,,,,,
Friedewald,,,,,,
Bundeskabinetts,,,,,,
Österreicher,,,,,,
Rentierpullover,,,,,,
Ausländerbehörden,,,,,,
Gaseinkauf,,,,,,
Freude,,,,,,
Deutschla,,,,,,
Ukrainischer,,,,,,
Weilheim,,,,,,
Dahlem,,,,,,
Denys,,,,,,
Oleg,,,,,,
fre,,,,,,
Narrenkäfig,,,,,,
Wagner-Söldnergruppe,,,,,,
Atlantik-Küste,,,,,,
Südafrikas ANC,,,,,,
Accra,,,,,,
Seuchen-Ausbruch,,,,,,
Denver,,,,,,
Mittwochmorgen,,,,,,
Schoigu,,,,,,
Shieh,,,,,,
Langes,,,,,,
der Niederlande,,,,,,
Flüssigerdgas-Terminals,,,,,,
Schwerin,,,,,,
D.C.,,,,,,
Lippen,,,,,,
Abo-Nutzern,,,,,,
Osthessen,,,,,,
Capitol,,,,,,
Chipfabrik,,,,,,
Zentrum Kiews,,,,,,
Krömer-Podcast,,,,,,
Klimaexpert*innen,,,,,,
Hamburg-Blankenese,,,,,,
Amazonas-Regenwald,,,,,,
Militärangaben,,,,,,
Westbalkan-Gipfel,,,,,,
Davenport,,,,,,
Wahlkampffragen,,,,,,
Westbalkanstaaten,,,,,,
Westbalkans,,,,,,
Jahrelang,,,,,,
Atomdebatte,,,,,,
Reichstages,,,,,,
Adenauerallee,,,,,,
Vorne,,,,,,
Stränden,,,,,,
Norwegens,,,,,,
Royals Eier,,,,,,
Reuß Wald,,,,,,
Landesstiftung,,,,,,
Montréal,,,,,,
Bundesrepublik Deutschland,,,,,,
Saudi-Arabiens,,,,,,
Tbilissi,,,,,,
Vietnams,,,,,,
Zeit +++,,,,,,
Zeit +++ Ukraine,,,,,,
Landgericht Köln am Mittwoch,,,,,,
Trump-Wahl,,,,,,
Pentagons,,,,,,
Pentagon,,,,,,
Katastrophe am Strand,,,,,,
Villa am Starnberger See,,,,,,
Stadt Slowjansk,,,,,,
Haldenwang,,,,,,
Reutlingen,,,,,,
Adem,,,,,,
Nate,,,,,,
Bundesamt für den Güterverkehr,,,,,,
Breznau,,,,,,
Papst-Prozess,,,,,,
Heimatmuseum der Chiemsee-Gemeinde,,,,,,
Quarantäneregeln,,,,,,
Lin,,,,,,
Si,,,,,,
(74) aus dem Tower,,,,,,
Weissrussland,,,,,,
Land Bremsen,,,,,,
mi…,,,,,,
†16,,,,,,
EU-Binnenkommissar,,,,,,
Reparatur-Ladens,,,,,,
Boston,,,,,,
Moska,,,,,,
Neckarwestheim 2,,,,,,
Währ,,,,,,
A…,,,,,,
Soulsängerin,,,,,,
Wuhan,,,,,,
Familieneinblicke,,,,,,
Krönu,,,,,,
Landgericht,,,,,,
NEOM,,,,,,
Königreich Saudi-Arabien,,,,,,
Wikileaks-Gründers,,,,,,
Berlin-Brandenburg,,,,,,
Zeic,,,,,,
Generalstaatsanwaltschaft Hamburg,,,,,,
Ene…,,,,,,
Ru,,,,,,
Cambridge,,,,,,
Taktik-Ass,,,,,,
Schmiergeld-Griechin,,,,,,
Deutschlandweit,,,,,,
Schanghai,,,,,,
San FranciscoTesla-Chef,,,,,,
Teufel,,,,,,
Rostocker,,,,,,
Parlaments-Vize-Präsidentin,,,,,,
Westafrika,,,,,,
Atomwaffen-Obergrenze,,,,,,
Singapurs,,,,,,
Reichsbürger-Prinz,,,,,,
Klimaclubs,,,,,,
Realitätsfern,,,,,,
US-Bundesstaats,,,,,,
Kabul,,,,,,
Ausgabenwünsche,,,,,,
Südrasen,,,,,,
Weißen Hauses,,,,,,
Belgiens,,,,,,
Krach,,,,,,
Arkansas,,,,,,
Shanghaier,,,,,,
RBB-Moderator,,,,,,
Mississippi,,,,,,
Klima-Aktivistin,,,,,,
Plasberg-Nachfolger,,,,,,
Pralinenpräsent,,,,,,
Brüsseler Bestechungsskandal,,,,,,
Schwarzen Meer +++ Erdogan,,,,,,
FOCUS-online-Autor,,,,,,
Eierwurf,,,,,,
Nuevo León,,,,,,
Reichsbürger-Razzia,,,,,,
Campus Virchow-Klinikum,,,,,,
Ukraine +++ Selenski,,,,,,
Nahverkehrsticket im kommenden Jahr,,,,,,
Perus,,,,,,
Ukraine-Krise,,,,,,
Georgier,,,,,,
Oblast Brjansk,,,,,,
Stadt Saporischschja,,,,,,
Nürnberger Museum,,,,,,
Militärfirma,,,,,,
Windsor,,,,,,
Himachal Pradesh,,,,,,
Brüssel War,,,,,,
Korruptionsverdachts,,,,,,
Arbeitsrechten,,,,,,
Monterrey,,,,,,
US-Basketballerin,,,,,,
Ukraine-Kr,,,,,,
Ukraine-News ++ Putin,,,,,,
italienischen Küste,,,,,,
Bloomberg,,,,,,
Grünenchefin,,,,,,
Waffen-Tests,,,,,,
Oleksii Makeiev,,,,,,
Rassismusvorwürfen,,,,,,
Blümchendecke,,,,,,
Bringen,,,,,,
Leoparden,,,,,,
Samsta,,,,,,
Iuo Ieu,,,,,,
Jekaterinburg,,,,,,
Pfalz,,,,,,
Russlands Raketenbauer,,,,,,
Bundesverteidigungsministerium,,,,,,
Tagebau Inden,,,,,,
Kraftwerk Neurath,,,,,,
Twitter-Hauptquartier,,,,,,
Kampfpanzer-Lieferungen,,,,,,
Klubs Al-Nassr,,,,,,
Kloster Seeon,,,,,,
Waiblingen,,,,,,
Netanjahus,,,,,,
Schweizer Hochalpen,,,,,,
Stuttgarter Oper,,,,,,
Krisen,,,,,,
Putin-Botschafter,,,,,,
Bistum Regensburg,,,,,,
Luxemburger,,,,,,
linksgrüner,,,,,,
Auckland,,,,,,
Unfähiger,,,,,,
Vatikanischen Grotten,,,,,,
Frisch,,,,,,
Usbekistan,,,,,,
Diens,,,,,,
Braunkohleabbaus,,,,,,
Firmen-Imperium,,,,,,
Präsidentschaftspalast,,,,,,
Höherem,,,,,,
Vucic,,,,,,
Ukraine-Sondertribunal,,,,,,
Garzweiler,,,,,,
Mercedes-Ladeparks,,,,,,
Nünchritz,,,,,,
Po,,,,,,
Habeck,,,,,,
Kiew +++ Selenskyj,,,,,,
CIA-Chef,,,,,,
Minsker,,,,,,
St. Joseph,,,,,,
Diözese Rom,,,,,,
Elon-Musk-Konzern,,,,,,
Räumung Mitte des Monats,,,,,,
Erfurter Mariendom,,,,,,
Wagenknecht,,,,,,
Sammelplatz,,,,,,
Autogipfel,,,,,,
Bolton,,,,,,
Manchester,,,,,,
Taipeh,,,,,,
Sumy,,,,,,
eFuels,,,,,,
Zehntausende,,,,,,
Abrams-Lieferungen,,,,,,
Söder,,,,,,
Raketenträger,,,,,,
Tech-Börsen,,,,,,
Benedikts,,,,,,
Neuseeländer,,,,,,
Austin,,,,,,
Leopard-Modellen,,,,,,
Chip-Branche,,,,,,
Krypta,,,,,,
DOMRADIO.DE,,,,,,
Donnerstag Sternsingerinnen und Sternsinger,,,,,,
Südwest-FDP,,,,,,
Wahl-Reigen,,,,,,
Koreas,,,,,,
US-mexikanische Grenze,,,,,,
Kretschmann,,,,,,
Sternsinger-Gruppen,,,,,,
Söldner-Truppe,,,,,,
Love Island,,,,,,
Briten-Oberhaupt,,,,,,
Bundesgesundheitsministerium am Mittwoch,,,,,,
Tschetschenien,,,,,,
Römerberg,,,,,,
Integrationsproblem,,,,,,
Frankfurts,,,,,,
Djir-Sarai,,,,,,
Regierung Biden,,,,,,
Ex-Justizminister,,,,,,
Leopard-Kampfpanzer,,,,,,
Oblast Donezk,,,,,,
Tigray,,,,,,
pepp plek,,,,,,
taz-Kantine,,,,,,
Wagner-Einheiten,,,,,,
Kometenkern,,,,,,
Bamberg,,,,,,
Tschechiens,,,,,,
Tschechen,,,,,,
Protestdorfes,,,,,,
Reddit,,,,,,
Lukaschenkos Land,,,,,,
Spezialoperation,,,,,,
Te,,,,,,
Pandemie-Ende,,,,,,
Wagner-Chef,,,,,,
Erkelenz,,,,,,
Kreml-Abwege,,,,,,
Corona-News,,,,,,
Twitter-Support-Account,,,,,,
Dokumentenfund,,,,,,
Bistums Erfurt,,,,,,
Teilmobilmachung,,,,,,
Lützerath-Protest,,,,,,
ntv-Informationen,,,,,,
Mobilisierungswelle,,,,,,
Serbischen Republik,,,,,,
Ost-Sarajevo,,,,,,
Weltwirtschaftsforums,,,,,,
Israel-Wahl,,,,,,
grün-hippen Deutschlands,,,,,,
Kanzlerpartei für die,,,,,,
Bidens Zeit,,,,,,
Entwic,,,,,,
Tesla-Tunnel,,,,,,
Iraks,,,,,,
Omikron-Variante,,,,,,
Enthüllungsbücher,,,,,,
Regensburger Dom,,,,,,
Bosporus,,,,,,
Cornwall,,,,,,
(dpa,,,,,,
Grand Canyon,,,,,,
Politik-Urgestein,,,,,,
Kohlebagger,,,,,,
Pekt,,,,,,
Deutschen Theater,,,,,,
Nesselwang,,,,,,
Ex-Bild-Chef,,,,,,
Mobilitätsgipfel,,,,,,
Foht-Prozess,,,,,,
Corona-Gesetze,,,,,,
Landesamtes für Migration,,,,,,
in­nen,,,,,,
SECAM,,,,,,
Ultraorthodoxen,,,,,,
Columbia,,,,,,
Olympia,,,,,,
Gerassimow,,,,,,
Schkeuditz,,,,,,
US-Präsidentenamt,,,,,,
Lebensgefühl-Lexikon,,,,,,
Salem,,,,,,
Kampfjetdebatte,,,,,,
Madagaskar,,,,,,
Fidschis,,,,,,
Fidschi,,,,,,
Istanbuler,,,,,,
Nau.ch,,,,,,
Kampfjetdebatte +++ Bundeskanzler,,,,,,
"Wagner""-Chef",,,,,,
Starlink-Terminals,,,,,,
User*innen,,,,,,
Konfliktes,,,,,,
Italiens Regierung,,,,,,
GUS-Staaten,,,,,,
Sankt Petersburg,,,,,,
Elon-Musk-Konzerns,,,,,,
Fe,,,,,,
US-Organisation,,,,,,
US-Bundesstaaten,,,,,,
Kamp,,,,,,
Quiz-Show,,,,,,
Paulus-Schwestern,,,,,,
koreanischen Halbinsel,,,,,,
EU-Visapolitik,,,,,,
Transatlantiker,,,,,,
Polens Regierung,,,,,,
Militärtraining,,,,,,
Queen-Tradition,,,,,,
Faschismus-Gegner,,,,,,
Amtsgericht Bad Neuenahr-Ahrweiler,,,,,,
Bochum,,,,,,
Demokratische Republik Kongo,,,,,,
Blackout,,,,,,
US-Untersuchungsausschuss,,,,,,
Schiras,,,,,,
Isfahan,,,,,,
(74) im Amt,,,,,,
Insel Paros,,,,,,
Telegram-Kanal,,,,,,
Homophobe,,,,,,
Microsoft-Mitgründer,,,,,,
Verifikations-Häkchens,,,,,,
Israel-Besuchs,,,,,,
Atom-Warnungen,,,,,,
Bremen,,,,,,
Weltstrafgerichtshof,,,,,,
Süden</li><li>10:00 Uhr,,,,,,
Nachrichten-Überblick,,,,,,
Akropolis,,,,,,
Iraner,,,,,,
Sorge,,,,,,
Rekord-Inflation,,,,,,
Frei…,,,,,,
Hilfehotlines,,,,,,
Drohnenlieferung,,,,,,
Impfstoffproduktionsstätten,,,,,,
Aktienrente,,,,,,
Elon-Musk-Sache,,,,,,
Royal-Fans,,,,,,
Russland-Aussage,,,,,,
Moskauer Sacharow-Zentrum,,,,,,
Regensburgs,,,,,,
Bangkok Asiens,,,,,,
Silvesterwochenende,,,,,,
Aachens,,,,,,
Starnberger,,,,,,
Silvestertag,,,,,,
Burgund,,,,,,
Luxemburgs,,,,,,
(74) das Jawort,,,,,,
Pole,,,,,,
Propaganda-Show,,,,,,
Absurdistan,,,,,,
Eu,,,,,,
Bezirken,,,,,,
Petersplatz am Angelusgebet,,,,,,
polnische Regierung,,,,,,
Palästinenserfragen,,,,,,
Amazonas,,,,,,
Panzerlieferungen,,,,,,
Balkans,,,,,,
Irrwitzig,,,,,,
Ex-Papst,,,,,,
Hipkins,,,,,,
Petersd,,,,,,
Interviewband,,,,,,
A100,,,,,,
Rust,,,,,,
Bakhmut,,,,,,
Ramallah,,,,,,
Tempelbergs,,,,,,
Hamas,,,,,,
Japan-Meer,,,,,,
Oberlandesgericht Stuttgart,,,,,,
Donn,,,,,,
Benedikt,,,,,,
(95) schwer,,,,,,
EU-Gaspreisdeckel,,,,,,
PD,,,,,,
Bachmut +++ London,,,,,,
Augsburg,,,,,,
Royal-Aussteiger,,,,,,
Ostfront,,,,,,
Making-of-Video,,,,,,
Meta-Konzern,,,,,,
Antisemitismus-Liste,,,,,,
Sunshine State,,,,,,
E-Auto-Konzern,,,,,,
Engländer,,,,,,
amer,,,,,,
Sport-App,,,,,,
Digitaloft,,,,,,
Tallinn,,,,,,
Corona-Regeln,,,,,,
Templin,,,,,,
Panama,,,,,,
Qin Gang,,,,,,
Sahel,,,,,,
Kontinents,,,,,,
Tech-Gigant,,,,,,
Vatikanischen Gärten,,,,,,
B…,,,,,,
Inn,,,,,,
Papstthron,,,,,,
Lesen,,,,,,
Selensk,,,,,,
Weltrekordhalter,,,,,,
Manama,,,,,,
Verified-Haken,,,,,,
Staat,,,,,,
Magdeburg,,,,,,
Washing,,,,,,
Kö,,,,,,
Zentrum Istanbuls,,,,,,
Kertsch-Meerenge,,,,,,
Ukraine-Liveblog,,,,,,
Schojgu,,,,,,
Regensburg,,,,,,
Gas-Deal,,,,,,
Bruch,,,,,,
US-Prä,,,,,,
Chrupalla,,,,,,
Konferenzgelände des Weltklimagipfels,,,,,,
Palm Beach,,,,,,
Akw Saporischschja,,,,,,
Roten Rathauses,,,,,,
Hauptstadt,,,,,,
New York City,,,,,,
Moskau +++,,,,,,
Foodtech-Startup,,,,,,
Bonner,,,,,,
Cotar,,,,,,
Islamischen Republik,,,,,,
Durban,,,,,,
Kreuzweg-Prozession,,,,,,
Borodjanka,,,,,,
Os,,,,,,
Atomdrohungen,,,,,,
deutsche Regierung,,,,,,
Bistum Köln,,,,,,
Abwehrwaffen,,,,,,
Tesla-Werks,,,,,,
Schiffen,,,,,,
Asowschen Meeres,,,,,,
Bundespräsidialamtes,,,,,,
Kertsch,,,,,,
Saudiarabiens,,,,,,
Rekrutierungsbüros,,,,,,
Geschäftemachen,,,,,,
(74) d…,,,,,,
MH17-Urteil,,,,,,
Bio-Bauernhof,,,,,,
Westen,,,,,,
China-Beziehungen,,,,,,
Schaade,,,,,,
Stormy-Daniels-Fall,,,,,,
US-Spitzenpolitiker,,,,,,
Währungshütern,,,,,,
Strafgerichtshof,,,,,,
Salwa,,,,,,
Nachwuchsforschern,,,,,,
Barnim,,,,,,
deutsche Staat,,,,,,
Bundesverdienstordens,,,,,,
Klimawende,,,,,,
Nikolaisaal,,,,,,
Ex-Geschäftspartner,,,,,,
veuu,,,,,,
BEIJING,,,,,,
Klubzentrale,,,,,,
Ponte,,,,,,
Digitalmilliardär,,,,,,
Petersburger,,,,,,
Rettungsschiffen,,,,,,
Messi-Abschied,,,,,,
Tempo,,,,,,
Cherson +++ Ukrainischer,,,,,,
Ko,,,,,,
Berlin-Neukölln,,,,,,
Vier-Tage-Woche,,,,,,
traur,,,,,,
Wladiwostok,,,,,,
Katar-Emir,,,,,,
Osnabrück,,,,,,
Dasitzen,,,,,,
Vueke,,,,,,
Angriffsstimmung,,,,,,
Flüssiggas-Terminals,,,,,,
Corona-Ticker,,,,,,
Michigan,,,,,,
Niederländer,,,,,,
Staa,,,,,,
Europäiskij,,,,,,
Mercedes-Benz-Arena,,,,,,
Luhansk +++ Strack-Zimmermann,,,,,,
/li><l,,,,,,
Mexikaner,,,,,,
Schloss Bellevue Kevin Großkreutz,,,,,,
Inselstaat,,,,,,
Supreme Court,,,,,,
Fifa da,,,,,,
Atomkraft-Diskussion,,,,,,
Armeniens,,,,,,
Eriwan,,,,,,
W,,,,,,
Berlin-Charlottenburg,,,,,,
Country-Ikone,,,,,,
Berliner Flughafens BER,,,,,,
Plattform,,,,,,
Russland +++ Scholz,,,,,,
Klitschko,,,,,,
Asean-Gipfel,,,,,,
Freiberg,,,,,,
Co-Finanzierungen,,,,,,
Verfassungsgerichts,,,,,,
BVerfG,,,,,,
Corona-Tic,,,,,,
Rot,,,,,,
Bundespresseball,,,,,,
Katalanen,,,,,,
Missbrauchs-Causa,,,,,,
Cherson Kriegsverbrechen,,,,,,
Bürgergeld-Einführung,,,,,,
Deutschen Landkreistages,,,,,,
Asien-Tour,,,,,,
Xinhua,,,,,,
Havanna,,,,,,
Krönungs-Quiche,,,,,,
Präventivhaft,,,,,,
Slowjansk,,,,,,
Reich,,,,,,
Lichtenhagen,,,,,,
Samst,,,,,,
Turnschuhen,,,,,,
Groß-Ereignis,,,,,,
Palästina,,,,,,
Hauptstadtflughafens BER,,,,,,
Stasi,,,,,,
Karibikstaat,,,,,,
Pyrenäen,,,,,,
Mittw,,,,,,
Bussen,,,,,,
Boykott-Diskussion,,,,,,
Markus Lanz,,,,,,
Su,,,,,,
Windsor Great Parks,,,,,,
Sam,,,,,,
Land am Nil,,,,,,
Kenia,,,,,,
Wahlkampagnenleiterin,,,,,,
Charles-Geburtstag,,,,,,
Ludwigsfelde,,,,,,
Kayne West,,,,,,
Niger,,,,,,
Gelfrisur,,,,,,
Norfolk,,,,,,
Prinzessin von Wales,,,,,,
Tausenden Wärmestuben,,,,,,
Bachmut +++ Selenskyj,,,,,,
Aserbaidschan,,,,,,
Tallahassee,,,,,,
TV-Satiriker,,,,,,
chinesischen Regierung,,,,,,
FCC,,,,,,
Katars,,,,,,
Skandal-Abendessen,,,,,,
Chemnitzer,,,,,,
Covid-Proteste,,,,,,
Preisbremse,,,,,,
Bergen,,,,,,
Koalitionskrach,,,,,,
Jule,,,,,,
USA-Besuch,,,,,,
Twitter-Krise,,,,,,
Bürgergelds,,,,,,
Landesverfassungsgerichtshofs,,,,,,
Hongkonger,,,,,,
Iranern,,,,,,
Obama,,,,,,
Luxus-Hotel Adlon,,,,,,
Weißes Haus,,,,,,
Trump-Ermittlungen,,,,,,
Gasumlage,,,,,,
Polen +++,,,,,,
Prozessionsroute,,,,,,
Westminister Abbey,,,,,,
Treue-Eid,,,,,,
Zukunftsmodells Trinity,,,,,,
Diamond Jubilee State-Kutsche,,,,,,
Park an der Saale,,,,,,
Klima-Volksentscheid,,,,,,
Ecuador,,,,,,
Amerikanerin,,,,,,
Flavio,,,,,,
Arbeitskräftemangel Russland,,,,,,
Wismar,,,,,,
US-Senator,,,,,,
Kapitolsturm,,,,,,
Alvarez-Benjumea,,,,,,
A,,,,,,
Waf,,,,,,
Sibirien,,,,,,
Küstenautobahn A20,,,,,,
Schleswig-Holsteins,,,,,,
Adriaans,,,,,,
Abo-Erlöse,,,,,,
Adidas-Chef,,,,,,
Muna,,,,,,
Viehbaron,,,,,,
Ve,,,,,,
Pence Haus,,,,,,
Golden State,,,,,,
Potjomkinschen Dörfern,,,,,,
Berliner-Zeitung-Verleger,,,,,,
Exodus,,,,,,
Hothou,,,,,,
Berlins Stern,,,,,,
Oxford,,,,,,
Regieru,,,,,,
Pcbnb,,,,,,
Präsidentenbüros +++,,,,,,
Chipkrise,,,,,,
US-Präsidentenwahl,,,,,,
Landtagswahl-Umfrage,,,,,,
Leopard-Entscheidung,,,,,,
"dpa-Videokanal"",""mainTheme"":""Video"",""durationInSeconds"":""01:13"",""tags"":[""Video""],""autoListing"":true,""seoData"":{""seoTitle"":"""",""seoDescription",,,,,,
Pence Dutzende Geheimdokumente,,,,,,
Bn Bogboh usjuu,,,,,,
republikanis...Foto,,,,,,
Leo-Blamage,,,,,,
Leopard-2-Pa,,,,,,
Wiener Staatsoper,,,,,,
Straflager Pokrow,,,,,,
Oekl,,,,,,
Infineon-Campus,,,,,,
Schadenbegrenzung,,,,,,
Kuhrülpser,,,,,,
Pnt IlhIuh aluaeu lO uelaeuaeueu Iekl,,,,,,
Entlassungswelle,,,,,,
Aktenfunde,,,,,,
Klima-Diplomatie,,,,,,
Land Putins,,,,,,
Vatikan-Botscha,,,,,,
Ostbahnhof,,,,,,
Lützerath-Demo,,,,,,
Homosexu,,,,,,
Biosprit,,,,,,
Vakuumbombe,,,,,,
faz,,,,,,
Ampelparteien,,,,,,
Belmars,,,,,,
SpaceX-Rakete,,,,,,
Liste von M,,,,,,
Waff,,,,,,
word,,,,,,
Dänemarks,,,,,,
Republic,,,,,,
Bundesrepublik j…,,,,,,
Menschenrechtsverstößen,,,,,,
Elisabethkirche,,,,,,
Waffenmangel,,,,,,
Ermittl,,,,,,
Budapester,,,,,,
Flughafen Wnukowo,,,,,,
Bidens Priva,,,,,,
Bundesverfassungsgerichts!,,,,,,
Midcat-Projekt,,,,,,
Schwedt,,,,,,
U-Bahn,,,,,,
E-Sprinter,,,,,,
Söldnerhand,,,,,,
rääächts,,,,,,
Braunkohleort Lützerath,,,,,,
Prachtstraße The Mall,,,,,,
Maori-Federmantel,,,,,,
Selbstfahrmodus,,,,,,
Bosniens,,,,,,
Pretori,,,,,,
Serbenführer Dodik,,,,,,
KI-Firma,,,,,,
Lambrecht-Rücktritt,,,,,,
ChatGPT-Macher OpenAI,,,,,,
Museum für Naturkunde,,,,,,
Donetzk,,,,,,
Geheimunterlagen,,,,,,
Brasilía,,,,,,
D ie EU-Kommission,,,,,,
Buckingham-Palasts,,,,,,
Abbruchkante,,,,,,
Kosovo-Kompromiss,,,,,,
Amt – CDU-Politiker ziehen,,,,,,
Senatskanzlei,,,,,,
st… Ausgeschlossen,,,,,,
Asselborn,,,,,,
Obamaschen Gesundheitsr,,,,,,
Berlin-Bashing,,,,,,
Gericht,,,,,,
Eschborn,,,,,,
Kurshaltens,,,,,,
Südens,,,,,,
Spenden-Kampagne,,,,,,
Sandor-Pala,,,,,,
Karlmanns,,,,,,
Grossdemo,,,,,,
Baby-Freude,,,,,,
FOCUS-online-Krönungsticker,,,,,,
Leopard-Lieferung</li><li,,,,,,
Eskalation im Sudan,,,,,,
Schnörkelschrift,,,,,,
Schönredens,,,,,,
Bundesgebiet,,,,,,
palästinensischen Außenministerium,,,,,,
Führungskräfte</li><li,,,,,,
ukrainische Regierung,,,,,,
Geothermieanlage,,,,,,
Axel-Springer-Hochhaus,,,,,,
Große Freude,,,,,,
Palast: Prinzessin Eugenie,,,,,,
Ukraine +++ ISW,,,,,,
Granta,,,,,,
Budape,,,,,,
Corona-Panik,,,,,,
Umweltbundesamt,,,,,,
Vize-Minister,,,,,,
O,,,,,,
Außen-Kanzler,,,,,,
V,,,,,,
Tesla-Video,,,,,,
baden,,,,,,
Kohlegegner,,,,,,
Sudan-Sorgen,,,,,,
Kuhrülpsen,,,,,,
Brasil,,,,,,
WM-Gastgeber,,,,,,
Englan,,,,,,
Online-Bankraub,,,,,,
Nordrhein-Westfalen</li></ol,,,,,,
Weltkriegsende,,,,,,
Tagebaus Garzweiler II,,,,,,
Berliner Landesregierung,,,,,,
Hollywood,,,,,,
lediglic,,,,,,
CSU-Neujahrsempfang,,,,,,
Frankf,,,,,,
Berliner Peripherie,,,,,,
Mosk,,,,,,
Buckingham- Palast,,,,,,
Deutschland</li><li,,,,,,
Nominierungs-Kampagne,,,,,,
Langsam,,,,,,
Klima-Extremisten v… <ol><li>,,,,,,
US-Blick,,,,,,
Rä,,,,,,
Gaspreis-Bremse,,,,,,
Heizungsgesetzes,,,,,,
schottische Regierung,,,,,,
den USA - Merkur.de,,,,,,
Bundesverkehrsminister,,,,,,
Gesamt-Frau,,,,,,
Dürr,,,,,,
Royal Mint Museum,,,,,,
Aktenfund,,,,,,
Vle pek,,,,,,
Kampfpanzer</li><li,,,,,,
Aussicht</li><li,,,,,,
Hassfigur,,,,,,
Drag Queens,,,,,,
Ost-Jerusalem,,,,,,
High-Heels,,,,,,
Geheim-Vergleich,,,,,,
Schadensersa,,,,,,
Bundeswehr-Sondervermögen,,,,,,
Putin-Sprecher,,,,,,
Rausgeworfen,,,,,,
Prantls,,,,,,
Axel-Springer-Konzern,,,,,,
Fenolpleplptepe Vepklualuu pllellel,,,,,,
Troyes,,,,,,
Riesen-Rallys,,,,,,
Habeck-Festspiele,,,,,,
New YorkDer,,,,,,
Grundsteuer-Irrsinn,,,,,,
Beitragsgeld,,,,,,
Missbrauchsprozess,,,,,,
Beitragszahlerinnen,,,,,,
oma,,,,,,
Santiago de Chile,,,,,,
Treptow,,,,,,
Macht-Gleichgewicht,,,,,,
South Caro,,,,,,
Palast!,,,,,,
Mercosur,,,,,,
Berufungsgericht,,,,,,
Adria,,,,,,
Budva,,,,,,
Montenegro,,,,,,
a Oll luleupeul IuO Pnkluv,,,,,,
Gerichtsunterl,,,,,,
Waffendebatte,,,,,,
Buenos Aires,,,,,,
Kiss-Cam,,,,,,
Klima-Ex,,,,,,
Wegfal,,,,,,
Geric,,,,,,
Ölkonzernen,,,,,,
Transdebatte,,,,,,
Verteidigungsbudget,,,,,,
Prag,,,,,,
Corona-Lockdown,,,,,,
Progressives,,,,,,
Pannen-Panzer,,,,,,
WM-Gastgeberland,,,,,,
Pflege3.,,,,,,
Halle/Saale,,,,,,
Truppenübungsplatz,,,,,,
Nordkorea - Kim,,,,,,
Desolater,,,,,,
Nachrichtenwebsite,,,,,,
Türken,,,,,,
Brit,,,,,,
Highgate,,,,,,
Uiguren,,,,,,
nein,,,,,,
Truppenbesuch,,,,,,
PISTORIUS,,,,,,
Trump-Firma,,,,,,
Klimaschutzsofortprogramm,,,,,,
Podcast-Gesp,,,,,,
Washingtoner,,,,,,
Pr,,,,,,
Ukraine-News ++ Selenskyj,,,,,,
China-Versteher - Prechts,,,,,,
Twitter-Kosmos,,,,,,
Neuss,,,,,,
AKWahnsinn,,,,,,
Bösen,,,,,,
Soziales Netz,,,,,,
Münchner Residenz,,,,,,
Weiß-von-nix,,,,,,
Kosmopolitisches,,,,,,
Weimar,,,,,,
Leerverkäufern,,,,,,
deutschen Regierung,,,,,,
Neue Krönungshymne,,,,,,
Schloss,,,,,,
Papstbiograf Seewald,,,,,,
Social-Media-Konten,,,,,,
Landes Nordrhein-Westfalen,,,,,,
Eisze,,,,,,
Ortes,,,,,,
Landes NRW,,,,,,
Schloss geno,,,,,,
Schlaflos,,,,,,
Salzlos-Vegetarier,,,,,,
Entlastungspaket,,,,,,
Arktischen Ozean,,,,,,
Russland-Eklat,,,,,,
Stand-up-Nummern,,,,,,
Vergewaltigungsvorwurfs,,,,,,
National Airport,,,,,,
Gesundheitszustand Nawalnys,,,,,,
Z-Symbol,,,,,,
Stabilitätspaktes,,,,,,
New Yorker Kaufhauses,,,,,,
Frauen-Knast,,,,,,
Hochdramatische,,,,,,
Minderheitenkirche,,,,,,
Abenteuerspielburg,,,,,,
Florida Ron DeSantis,,,,,,
Zusammenhan,,,,,,
Korruptionsbekä,,,,,,
Haup,,,,,,
Putin-Reich,,,,,,
Kreml-Reich!,,,,,,
Panik-Modus,,,,,,
Korruptionsproblem,,,,,,
Verbrenner-Aus,,,,,,
Berliner Generalstaatsanwalt los,,,,,,
SPD-Ko-Chef Klingbeil,,,,,,
Öko-Sané,,,,,,
Streit um Autobahn -,,,,,,
Reformmotor,,,,,,
Drohnenattacke,,,,,,
Entwickl,,,,,,
lO Guualepp,,,,,,
Klima-Protest,,,,,,
Li…,,,,,,
Wärmepumpen-Produktion,,,,,,
Twitter-Aktion,,,,,,
Lionel Messi,,,,,,
Via Instagram,,,,,,
Kifferparadies,,,,,,
Lauterbachs Diskussionsstil,,,,,,
United24,,,,,,
Tagebau Garzweile,,,,,,
Hitler-Vergleich,,,,,,
Hitler-Vergl,,,,,,
Tagebau Hambach - t-online,,,,,,
Garage Gate,,,,,,
Davos3.,,,,,,
Deutsch Reserve,,,,,,
Neckarwestheim,,,,,,
Meereskrebs,,,,,,
Wohnha,,,,,,
rechts-religiöse Regierung,,,,,,
Russland3.,,,,,,
Zentrum der Aufmerks,,,,,,
Los Angeles,,,,,,
Tagebau Hambach  t-online,,,,,,
Wohnungsb,,,,,,
Kraftwerksblöcke,,,,,,
Putin-Rede,,,,,,
Leyens Pony,,,,,,
Niedersachsens Problem-Wolf,,,,,,
Oberste Gericht,,,,,,
Hitler-Gefasel,,,,,,
Panzer-Pistorius,,,,,,
Kassel,,,,,,
Kiew3.,,,,,,
Schöneberger Edelitaliener,,,,,,
Pa,,,,,,
UN-Klimagipfel,,,,,,
nO 6eaeupolee,,,,,,
Pflichttermine,,,,,,
Top Ten,,,,,,
Bundesbezirksgericht,,,,,,
gezei,,,,,,
Krönungsgeschenk,,,,,,
Neuseeländische,,,,,,
Festnahemn,,,,,,
ni…,,,,,,
London  Merkur.de,,,,,,
China-Versteher - Chinas Bevölkerungsschwund,,,,,,
Königsamt,,,,,,
an2.,,,,,,
Da…,,,,,,
Atomwaffen-Frage,,,,,,
Treibstofflager,,,,,,
Höchste Gericht,,,,,,
Talkstudio von,,,,,,
Weltwirtschaftsforu,,,,,,
Leopard-Freigabe,,,,,,
Finnland +++ Russland,,,,,,
Schlachtenlärm,,,,,,
Garzweiler II,,,,,,
Browary,,,,,,
Deutschland-Besuch,,,,,,
War Memorial Centre,,,,,,
Teilauszählung,,,,,,
Verwaltungsratsche,,,,,,
Radikalenerlasses,,,,,,
Spare,,,,,,
Vereinigten Königreich fiebern,,,,,,
Tagebaus Garzweiler,,,,,,
Inden,,,,,,
Messis,,,,,,
Riesen-Sturm,,,,,,
Tagebau Hambach,,,,,,
Hambach,,,,,,
Haus der Ukraine,,,,,,
Fußb,,,,,,
Tuningtochter,,,,,,
Rüstungsschmiede,,,,,,
Bundesminister,,,,,,
Vordermann,,,,,,
Demu,,,,,,
türkisc,,,,,,
Isle of Skye,,,,,,
Neymar-Villa,,,,,,
Ramstein +++,,,,,,
Tigges,,,,,,
Bundeswehrbeständen,,,,,,
Fanvolk,,,,,,
US-Vizeverteidigungsministerin,,,,,,
Davos +++,,,,,,
steigenâ€,,,,,,
Kei,,,,,,
Russland-Tribunal,,,,,,
Luftwaff,,,,,,
Schlüsselentscheidungen,,,,,,
Tschernobyl,,,,,,
Ereign,,,,,,
Berliner Gericht,,,,,,
Kriminalstatistikern,,,,,,
Herzogenaurach,,,,,,
China-Versteher - Putins Krieg,,,,,,
First Lady,,,,,,
Crux,,,,,,
Braunkohledorfs Lützerath,,,,,,
Lützeraths,,,,,,
photocosmos1,,,,,,
"Reuters-Videokanal"",""mainTheme"":""Video"",""durationInSeconds"":""00:48"",""tags"":[""Video""],""autoListing"":true,""seoData"":{""seoTitle"":"""",""seoDescriptio",,,,,,
Beihilferegeln,,,,,,
Panzerdebatte,,,,,,
Mehrtages-Tour,,,,,,
Büro-Arbeitsmarkt,,,,,,
Habt,,,,,,
Ble 099 Zlttlelpeu Bnlu,,,,,,
Ex-US-Präsident,,,,,,
Zeitungskonzerne,,,,,,
Thunberg,,,,,,
Gipfel schmilzt,,,,,,
Heim­recht,,,,,,
Gewahrsam,,,,,,
Leopard-Lieferungen,,,,,,
kom­menden,,,,,,
Europa-Uni,,,,,,
Bundesliga-Profis,,,,,,
Wirtschaftspanel,,,,,,
Weichenstellun,,,,,,
Saint-Germain,,,,,,
Samsung-Boss,,,,,,
Schweizern,,,,,,
(74)…,,,,,,
Brandenburg/Havel,,,,,,
M… Sachsens,,,,,,
Russlands Armee,,,,,,
Klima-Klage,,,,,,
Luftstreitkräf,,,,,,
Stadthagen,,,,,,
First Lady Selenska,,,,,,
53.Weltwirtschaftsforums,,,,,,
Bundesamt für Auswärtige,,,,,,
Freitagnachm,,,,,,
Indus,,,,,,
ueek peppeu,,,,,,
niederschreien,,,,,,
Kriselnde Freundschaften,,,,,,
Walfisch-Ambra,,,,,,
Lo,,,,,,
Wachbataillon,,,,,,
Linzer Mariendom,,,,,,
Linz,,,,,,
Tribüne wäh…,,,,,,
Betreiberinnenwechsel,,,,,,
Zeitenwen,,,,,,
Den Haag +++,,,,,,
Regierungskoffer,,,,,,
Inflation,,,,,,
Trennen,,,,,,
Investorenklage,,,,,,
europäischen Staaten,,,,,,
Statistischen Bundesamtes,,,,,,
Nato-Streitkräfte,,,,,,
Fronten,,,,,,
Diözese Linz,,,,,,
entgleist</li><li,,,,,,
Weimarer Goethepark,,,,,,
Krönungskonzert,,,,,,
Veganes,,,,,,
Harvard-Ökonom,,,,,,
Obersalzberg,,,,,,
Landgericht Hamburg,,,,,,
Wirtschaftsstabilisierungsfonds,,,,,,
Vorwärtsverteidigung,,,,,,
Oberösterreich,,,,,,
Pipeline-Hauptquartier,,,,,,
Luxusreisen,,,,,,
Dubai,,,,,,
Knicks,,,,,,
Riskanter,,,,,,
Balten,,,,,,
Hauptfrontlinie,,,,,,
Monta,,,,,,
Wirtschaftsprozessen,,,,,,
Hundertausende,,,,,,
Jahrhunderthalle,,,,,,
Ex-Botschafter Melnyk,,,,,,
Flüchtlingshilfe</li><li>,,,,,,
Stadt Uman,,,,,,
Westminster-Abtei,,,,,,
29.10.2022.,,,,,,
Russlands Patriarch,,,,,,
Lucke,,,,,,
Leopard-Lieferfreigabe,,,,,,
Spenderegeln,,,,,,
Gujarat-Riots,,,,,,
Platz,,,,,,
Nordeuropa,,,,,,
Zentrum der Proteste,,,,,,
Korruptionsaffäre,,,,,,
Ostseeküste,,,,,,
Unterstützerländer +++,,,,,,
Sum,,,,,,
Regierungsunter,,,,,,
pepp pel,,,,,,
Bidens H,,,,,,
Rettungskräfte,,,,,,
Sýdltdisjuu,,,,,,
Raketenangri,,,,,,
"Aussicht,...",,,,,,
Stadtautobahn A100,,,,,,
Ostsee,,,,,,
Chinas</li><li,,,,,,
Klima-Kriterien,,,,,,
Bidens Haus,,,,,,
Starbesetztes Konzert,,,,,,
Landes.</li><li>,,,,,,
KI-Ch… Wir,,,,,,
BrüsselDie,,,,,,
Oligarchenhelfer,,,,,,
Brasileien: Lula de Silva,,,,,,
6eleekleheeke,,,,,,
Netzengpässe,,,,,,
Rio de Janeiro,,,,,,
elue,,,,,,
(74) und seiner Ehefrau,,,,,,
Kurshalten,,,,,,
Geldpolitik“-,,,,,,
Kabin,,,,,,
Lobbyregeln,,,,,,
Vladimir,,,,,,
Mosel,,,,,,
Rumäne,,,,,,
Kriegsschi,,,,,,
Missbrauchsbetroffene,,,,,,
Iunluetlpleu lu,,,,,,
Pariser Platz,,,,,,
Ho,,,,,,
Herrschaft ihres Bruders,,,,,,
Den Haag</li><li>,,,,,,
Gefahr,,,,,,
Agros,,,,,,
Royal,,,,,,
Kirchheims,,,,,,
SELENSKYJ-BERATER,,,,,,
Grenzgeb,,,,,,
Abgrenzungsrhetorik,,,,,,
Brjansk,,,,,,
Kampfpanzerlieferung,,,,,,
AprilIn,,,,,,
Militär-Konferenz,,,,,,
völli,,,,,,
Wagner-Söldnertruppe,,,,,,
Winklevoss-Zwillinge,,,,,,
Eröffnungsrundgang,,,,,,
Deutsche Eck,,,,,,
(74) für…,,,,,,
Investoren-Klage,,,,,,
Newsticke…,,,,,,
Tunneln,,,,,,
Samstag-Eskalation,,,,,,
Gottesh,,,,,,
Missbrauchs-Skandal,,,,,,
Newstic,,,,,,
Ukraine-Konferenz,,,,,,
Braunkohledorfes Lüzerath,,,,,,
Nahrungsexporten,,,,,,
Labour-Fraktion,,,,,,
bayrischen Altötting,,,,,,
Panzertraining,,,,,,
Wetter-Notstand,,,,,,
Kohle-Dorf Lützerath,,,,,,
Neujahrsempfang der Landesregierung,,,,,,
Efs Fs÷ggovohtsvoehboh,,,,,,
Kohle-Gas-Duo Krebber,,,,,,
Cfsmjot Tubeupcfsibvqu,,,,,,
Gbtu,,,,,,
Schweizer Alpen,,,,,,
Lambrecht-Schweigen,,,,,,
Regierung Scholz,,,,,,
Waffenlieferanten,,,,,,
Brunsbüttel,,,,,,
Baden-Baden,,,,,,
Plattformräten,,,,,,
norddeutschen Küste,,,,,,
Aufsatzkanzler,,,,,,
Portal Frag,,,,,,
Bad Wörishofen,,,,,,
Neujahrsempfang der Landesregierung am Freitag,,,,,,
Nahrungsexporten +++,,,,,,
Ricarda Lang,,,,,,
deutschen Kurienerzbischof,,,,,,
Potsdamer Platz,,,,,,
Erdoğan,,,,,,
Petro Poroschenko,,,,,,
Manhattaner,,,,,,
Hamburg-Besuch,,,,,,
Allwetterfreunde,,,,,,
Gedenkstätten,,,,,,
Sambia,,,,,,
Kanzlei,,,,,,
Vilnius,,,,,,
Sylt,,,,,,
KI-Bilder,,,,,,
Top-Amt,,,,,,
Jahrhundertprozess,,,,,,
Gemelli,,,,,,
Brjansk +++,,,,,,
Straucheln,,,,,,
Westmi,,,,,,
Hamburger Brücke,,,,,,
Fraktal,,,,,,
Waffenlieferungen,,,,,,
Andrá,,,,,,
Präsidentsch,,,,,,
Außenministerinnen,,,,,,
Kriegs-Ultimatum,,,,,,
Streiks5.,,,,,,
Wagner-Grupp,,,,,,
Grossbritan,,,,,,
Hont,,,,,,
Septembe,,,,,,
Disney,,,,,,
Brexit-Streit,,,,,,
Little Rock,,,,,,
Tesla-Boom,,,,,,
Rolling Fork,,,,,,
Hamburger Innenstadt,,,,,,
Italiens Küste,,,,,,
Unternehmenskönigreich,,,,,,
Finanzministers,,,,,,
Hamburger Hafens,,,,,,
Al…,,,,,,
Westlicher Kreis,,,,,,
Quarantäne-Hotels,,,,,,
Flughafen Heathrow,,,,,,
Kalabriens,,,,,,
Potomac,,,,,,
National Harbor,,,,,,
Habeck-Pläne,,,,,,
Verschwörungsland,,,,,,
Tearoom Eaton Place,,,,,,
Rathaus,,,,,,
Höfliche Minen,,,,,,
US-Interview,,,,,,
Armee-Chef,,,,,,
Kivinen,,,,,,
Trump-Wahlkampfleiter,,,,,,
Bankbetrug,,,,,,
Meseberg,,,,,,
amerikanischen Republik,,,,,,
Stonehenge,,,,,,
IEA-Chef,,,,,,
Jewel T,,,,,,
Putin-Regime,,,,,,
Verdi,,,,,,
Scholz2.,,,,,,
Trump-Hanswurstereien,,,,,,
Gaylord Harbor National Resort and Convention Center,,,,,,
Washington D.…,,,,,,
Kanzler-Rede,,,,,,
Z-Menschen,,,,,,
Bellvue,,,,,,
Schweigegeld-Fall,,,,,,
Tiflis,,,,,,
Neu Delhi Bild,,,,,,
Freistaat Bayern,,,,,,
MidCat,,,,,,
Schloss Versailles,,,,,,
Freita,,,,,,
Harlem,,,,,,
Bosnien,,,,,,
Bvupcbiocbv@ Efs Bvthboh eft YYM.Lpbmjujpothjqgfmt,,,,,,
Bethesda,,,,,,
Putin-Propaganda,,,,,,
Ukraine-Besuch,,,,,,
Palast ve…,,,,,,
+++ Putin-Rede,,,,,,
Fontenay an der Alster,,,,,,
Putin-Rede +++ Stoltenberg,,,,,,
Duisburger,,,,,,
Lakeside,,,,,,
Homberg,,,,,,
Chefkoch,,,,,,
Warschauer Königsschloss,,,,,,
Fon...,,,,,,
Skirenne,,,,,,
ZDF-Talk „Markus Lanz,,,,,,
Dingolfing,,,,,,
Studiodesign,,,,,,
Alster-Koch,,,,,,
Obersten Gericht der USA,,,,,,
Eingangspo,,,,,,
Kiewer Innenstadt,,,,,,
Vereinigtes Königreich:,,,,,,
Hanau,,,,,,
Gasimporteur,,,,,,
Superpower,,,,,,
Guangdong,,,,,,
De-Risking“-Mission,,,,,,
Zentrum der Aufmerksamkeit,,,,,,
schrödern,,,,,,
Liveblo,,,,,,
Eisbergs,,,,,,
Vereinigtes Königreich,,,,,,
Finanzcheck,,,,,,
Winte,,,,,,
Erdölfeldern,,,,,,
Indirapuram,,,,,,
Lucknow,,,,,,
Buckingham-Palast Charles,,,,,,
Polen-Aufenthalt,,,,,,
Bidens Beistand,,,,,,
-Gegner,,,,,,
Schattenhaushalte,,,,,,
Trump-Fan,,,,,,
Wirtschaftskooperation,,,,,,
Wirtschaftszusammenarbeit,,,,,,
­Berlin,,,,,,
Bundesaußenministerin,,,,,,
+++ Russland,,,,,,
Ukrainischer Präsident,,,,,,
Stockende Freihandelsgespräche,,,,,,
Wagenknecht-Schwarzer-Demo,,,,,,
russischen Anti-Terror-Komitees,,,,,,
Indien-Premier,,,,,,
Energi,,,,,,
Militärblogger,,,,,,
Vuekeu,,,,,,
Schwarzmeer-Halbinsel,,,,,,
Hasso-Platt,,,,,,
Waffenli,,,,,,
heru,,,,,,
Regierungsbesuch,,,,,,
Minen</li><li,,,,,,
Versammelte Osteuropa-Expertise,,,,,,
Handschellen,,,,,,
Elysée,,,,,,
Steinmeier,,,,,,
Gerichtsgebäude +++,,,,,,
Konseq,,,,,,
Frieden</li><li,,,,,,
Waffen-Lieferstopp,,,,,,
Kreis,,,,,,
Hafenstad,,,,,,
Kampfflugzeug-Manöver,,,,,,
Osteuropäern,,,,,,
Schurkenstaaten,,,,,,
Bekehrte,,,,,,
New Yorks,,,,,,
Bila,,,,,,
Aktuelles Lexikon,,,,,,
Kirre,,,,,,
Insas,,,,,,
KR70M6,,,,,,
Akef,,,,,,
Finge,,,,,,
Französische Regierung,,,,,,
Proteste im Land,,,,,,
Reims,,,,,,
Hochrisikominister,,,,,,
Nato-Grenze,,,,,,
Ha,,,,,,
Downtown Manhattan,,,,,,
Gebäu,,,,,,
South Car…,,,,,,
Erzbistum München,,,,,,
Kishidas Ukraine-Besuch,,,,,,
Erzbischof Wetter,,,,,,
Diskreditierungskampagne,,,,,,
Massachusetts,,,,,,
Memorial,,,,,,
Nordstream-Sprengungen,,,,,,
dän,,,,,,
Ministerpräsi,,,,,,
Vorfreude,,,,,,
Alibaba-Chef,,,,,,
Atomkraftwerks Emsland,,,,,,
Bachmut +++ Xi,,,,,,
Bern,,,,,,
Zürcher Flughafen,,,,,,
El Salvador,,,,,,
Faceboock,,,,,,
Nobel-Hotel Adlon,,,,,,
stärken</li><li,,,,,,
Merkel-Garantie,,,,,,
veru,,,,,,
Treffens,,,,,,
San Francisco Twitter-Besitzer Elon Musk,,,,,,
Ukrai,,,,,,
Putin-Besuch,,,,,,
Militärspitze,,,,,,
Sonntagaben,,,,,,
amerikanisch-mexikanische Grenze,,,,,,
Salisbury,,,,,,
Gady,,,,,,
südkoreanischen Regierung,,,,,,
erweitert</li><li,,,,,,
Osnabrücks,,,,,,
Possad-Pokrowske</li><li,,,,,,
Stoltenberg,,,,,,
Weltbank</li><li,,,,,,
Brexit-Boy Boris Johnson,,,,,,
EU-Land,,,,,,
Prien,,,,,,
Priener,,,,,,
Papst-Problem,,,,,,
Entspa,,,,,,
Kindergartenmodus,,,,,,
Terroristischer Staat,,,,,,
Autobahnausbaus,,,,,,
Großer Kohle-Gipfel,,,,,,
Pictures Millionen-Gipfel,,,,,,
Ottawa,,,,,,
Supermaßs,,,,,,
Hausbesitzer,,,,,,
Münche,,,,,,
LGBT-Aufklärung,,,,,,
gefak,,,,,,
Krieg</li><li,,,,,,
Ukraine-Invasion,,,,,,
Zweif,,,,,,
Lanz-Frage,,,,,,
Barrikad,,,,,,
Kulthauptstadt,,,,,,
†14,,,,,,
Streitmodus,,,,,,
Region Saporischschja,,,,,,
Gipfel-Treffen,,,,,,
Englands,,,,,,
Mathe-Ass,,,,,,
Front-Gewinn,,,,,,
Wissing-Reaktion,,,,,,
innerh,,,,,,
Silicon Valley Bank When browsing with ads,,,,,,
Schwarzen Meer +++ Slowakei,,,,,,
Raketentest,,,,,,
Unternehmensgrup,,,,,,
Papst-Verfahren,,,,,,
Ampel-Ringen,,,,,,
Geschichtsvergessen,,,,,,
Geheimdienstinfos,,,,,,
Corona-Ursprung,,,,,,
Planungsve,,,,,,
Papst-Bilanz,,,,,,
Flughafens von Kinshasa,,,,,,
Lightsource BP,,,,,,
AKW Emsland,,,,,,
Ärmelkanals,,,,,,
Nordfrankreich,,,,,,
Reaktione,,,,,,
KI-Modelle,,,,,,
Bundespolizeieinsatz,,,,,,
Hauptstadtflugen BER,,,,,,
Berliner Hauptbahnhof,,,,,,
Vatikannähe,,,,,,
Stiftungsangaben wu… [,,,,,,
Brandenburgische,,,,,,
Freistaat Thüringen,,,,,,
Wi…,,,,,,
Spreeufer,,,,,,
Ökodorf Brodowin,,,,,,
Verbändehaus,,,,,,
Starkregen,,,,,,
Wochenmarkt am Berliner Wittenbergplatz,,,,,,
Gazprombank-Konto von Putin-Freund,,,,,,
Konfliktforscherinnen,,,,,,
Vorstel,,,,,,
Beileid Fra,,,,,,
Raketenschlägen,,,,,,
Anwerbezentren für neue Kämpfer,,,,,,
Öko-Bauernhof,,,,,,
Kaukasusland,,,,,,
Röttgen,,,,,,
Gänswein,,,,,,
Schüssen,,,,,,
Getreideabkommens +++,,,,,,
Wehrbudgets,,,,,,
Bachmut +++ Klitschko,,,,,,
Alaskas Küste,,,,,,
Mut,,,,,,
Amazon-Rivale Alibaba,,,,,,
Tres Unidos,,,,,,
US-Erzkonservativen,,,,,,
Isra,,,,,,
Jubiläums-Empfang,,,,,,
Atomwissenschaftler,,,,,,
Verfassungs-Artikels,,,,,,
Staatstheater,,,,,,
Emmanue,,,,,,
US-Politologe,,,,,,
New Hamp,,,,,,
Kanzler-Machtwort,,,,,,
Steine,,,,,,
Fl,,,,,,
fingerhakeln,,,,,,
Rathausmarkt,,,,,,
Migrations-Dilemma,,,,,,
Photovoltaik-Gipfel,,,,,,
Mövenpick-Partei,,,,,,
Auslandsvisite,,,,,,
Silicon Valley Bank,,,,,,
Hansestadt Hamburg,,,,,,
Elbe,,,,,,
Einladen,,,,,,
U-Boot-Deals,,,,,,
San,,,,,,
rot-grün-gelben Krisen-Verhandler,,,,,,
Berliner Flughafen,,,,,,
Omas Häuschen,,,,,,
Südamerikas,,,,,,
Präsizionsraketen,,,,,,
Waco,,,,,,
Russische Duma,,,,,,
Die USA,,,,,,
Ukraine-News ++ Ron DeSantis,,,,,,
Stream1.,,,,,,
Dunkelflaute,,,,,,
Bundesamt für Verfassungsschu,,,,,,
Wolga,,,,,,
Leopard-Panzer +++ EU,,,,,,
Deutschland +++,,,,,,
Opfe,,,,,,
F16-Lieferungen,,,,,,
Canberra,,,,,,
Dekolonialisierung,,,,,,
Sunaks,,,,,,
Pipeline Nord Stream 2,,,,,,
Existenzre,,,,,,
Oberbayern,,,,,,
R,,,,,,
Brague,,,,,,
Lita,,,,,,
Dua Lipa,,,,,,
Graslutscher,,,,,,
Spanier,,,,,,
Ergebnisausblick,,,,,,
Eroberungsversuch,,,,,,
Wochenendhauses,,,,,,
Mittwoch mi… [,,,,,,
Heusgen,,,,,,
Springer-Story,,,,,,
Springer-Skandal,,,,,,
EU-Industrie,,,,,,
Investitionszusagen,,,,,,
Suche,,,,,,
Schuhbeck4.,,,,,,
Mittwochmorge,,,,,,
Kinshasa Fo,,,,,,
Augustdorf,,,,,,
Washington Ermittler,,,,,,
Geheimdokumenten,,,,,,
Haus des US-Präsidenten,,,,,,
Mög,,,,,,
Mountain View,,,,,,
Masc,,,,,,
Cosco,,,,,,
Nato-Gipfel,,,,,,
Pichincha,,,,,,
Springer-Konzerns,,,,,,
Mittagessen,,,,,,
Anschuldigunge,,,,,,
EU-Gipfels,,,,,,
Luftrau,,,,,,
Scholz-Sprecher,,,,,,
Moskwa,,,,,,
Rückfahrtticket,,,,,,
Rheinland-Pfalz,,,,,,
Bep ettelu,,,,,,
Ghana,,,,,,
Vorfal,,,,,,
Autokolonne,,,,,,
Schweigegeldzahlungen,,,,,,
Schwangerschaftsabbrüche,,,,,,
Knie,,,,,,
De…,,,,,,
Spionage-Ballon,,,,,,
Nordkoreaner,,,,,,
Mo,,,,,,
China5.,,,,,,
Kiew4.,,,,,,
Stockholmer,,,,,,
Nato-Sicherheitsgarantien,,,,,,
Kriminalpolizeilichen,,,,,,
Ampel-Kabinett,,,,,,
Unternhaus,,,,,,
Skandal-Satz,,,,,,
Gänswein-Lesung,,,,,,
Indianapolis,,,,,,
Stockh,,,,,,
Schweden3.,,,,,,
Bekannte,,,,,,
Ex-Twitter-Mitarbeiter,,,,,,
Premium-Hardware,,,,,,
Tuchfühlu,,,,,,
Scharm El-Scheich,,,,,,
Kongo-Kinshasa,,,,,,
Ijad,,,,,,
Iue Plpeu eO Zuulea,,,,,,
Ahrtal,,,,,,
Luisenplatz,,,,,,
Willy-Brandt-Haus,,,,,,
Unser,,,,,,
Hauptstadt-Podcast,,,,,,
Türkei-Wahlen,,,,,,
Stadt Berlin,,,,,,
Awdijwka,,,,,,
Sanremo,,,,,,
Sanremo-Festival,,,,,,
Schlagerfestival von Sanremo,,,,,,
Aufsichtsgremiums,,,,,,
Wahlkampfspendern,,,,,,
Compliance-Fragen,,,,,,
Bidens Partei,,,,,,
Bidens Präsidentschaftsbewerbung,,,,,,
el uellllll tenl VBB-6epele,,,,,,
"Kiew
Di",,,,,,
Friedrichstraße,,,,,,
Blinken,,,,,,
Ahr,,,,,,
"Reuters-Videokanal"",""mainTheme"":""Video"",""durationInSeconds"":""01:27"",""tags"":[""Video""],""autoListing"":true,""seoData"":{""seoTitle"":"""",""seoDescrip",,,,,,
EU-Klimaschutzgesetzes,,,,,,
Mitgliederentscheid,,,,,,
Waffenlieferungen</li><li,,,,,,
Gelu GuOOeulel enl luueuoutlllh,,,,,,
aeaeuepel,,,,,,
Trin,,,,,,
südamerikanischen Land,,,,,,
Trump-Comeback,,,,,,
Halbherziger,,,,,,
Paraguay,,,,,,
Toptermin,,,,,,
Bündnisses,,,,,,
Uruguay,,,,,,
Antiquitäten-TV-Show,,,,,,
Tesla-Cybertruck,,,,,,
Al|lein|gang,,,,,,
Ukraine-News ++ Moskau,,,,,,
Panzerentscheidung,,,,,,
BR24,,,,,,
Entwicklungsministerium +++,,,,,,
Kampfjet-Absage,,,,,,
Papst-Besuch,,,,,,
Ukraine +++ Russisches Gericht,,,,,,
Berlgiens,,,,,,
Lüttich,,,,,,
Düssel,,,,,,
Palästi,,,,,,
UK,,,,,,
Darfs,,,,,,
Digital-Richtlinie,,,,,,
Beh,,,,,,
sprechen</li><li,,,,,,
Schulden-Showdown,,,,,,
Schlosses Bellevue,,,,,,
Wehrp,,,,,,
Amt einer Bundesinnenministerin,,,,,,
Passau,,,,,,
Amt ei…,,,,,,
Adani Enterprises,,,,,,
Atomreaktor Tihange 2,,,,,,
SPD-Chef,,,,,,
Kusel,,,,,,
Goma,,,,,,
Demokratischer Republik Kongo,,,,,,
Libanon Isr,,,,,,
kongolesi,,,,,,
Französin,,,,,,
Chefökonomen,,,,,,
Beitra,,,,,,
Ampel-Kompromiss,,,,,,
Briten-Premier,,,,,,
Landesverantwortung,,,,,,
Dokumentenskandal,,,,,,
Bidens Zuhause und Büro,,,,,,
Kultur</li><li,,,,,,
Südafrikaner,,,,,,
Unsicherheits-Man,,,,,,
Plattner-Institut,,,,,,
Salvador,,,,,,
Preisobergrenzen,,,,,,
beschlossen</li><li>,,,,,,
Super-App,,,,,,
Gewissenloser Wagenknecht,,,,,,
Rzeszow,,,,,,
Langst,,,,,,
Pari,,,,,,
Moldawien,,,,,,
Sportkonferenz,,,,,,
F.A.Z.-Interview,,,,,,
etpu ulel,,,,,,
Belarussen,,,,,,
Durchsuc,,,,,,
Haus von Ex-Vizepräsident Pence,,,,,,
Staat Indiana,,,,,,
Palmer,,,,,,
Zentralgestirn Xi,,,,,,
A Nachmittag,,,,,,
Czaja,,,,,,
Frischluft-Fenster,,,,,,
Neuköl,,,,,,
EU-Gipfel,,,,,,
Ppaeulpueleu,,,,,,
Libyen,,,,,,
Subkontinent,,,,,,
Großsstadt,,,,,,
Talk-Abends,,,,,,
EU-Sondergipfels,,,,,,
Bundesta,,,,,,
Neue Regierung,,,,,,
Meinungsforscher,,,,,,
Antiprotektionismus-Mission,,,,,,
Nord-Stream-2-Pipeline,,,,,,
Brüssel Kampfjet-Debatte,,,,,,
Gas-Verteilzentrum,,,,,,
Manhatten Foto,,,,,,
Ghlupel,,,,,,
Illner,,,,,,
Beschlossene,,,,,,
EU-Staaten sagen der Ukraine,,,,,,
Gebiets Donezk,,,,,,
Southam,,,,,,
Schwarzer-Aufruf,,,,,,
EU</li><li,,,,,,
Energiefalle,,,,,,
Ehrenpagen,,,,,,
aus</li><li,,,,,,
NATO-Generalsekretär Stoltenberg,,,,,,
Gespräche</li><li,,,,,,
Achsel,,,,,,
Ukraine +++ Lukaschenko,,,,,,
Bachmut an +++ Lukaschenko,,,,,,
Anklagejury,,,,,,
Herzensbäckerei,,,,,,
Herzensbäckerei Künne,,,,,,
Gesundheits-Checkup,,,,,,
Ukraine-Verbrechen,,,,,,
Deutschlands Sonderweg,,,,,,
ukrainisc,,,,,,
Militär-Krankenhaus,,,,,,
Frankfurter Nordend,,,,,,
Walter Reed Medical Center,,,,,,
Biden-Akten,,,,,,
Uni-Campus,,,,,,
Weltbankpräsiden,,,,,,
Meister-Spekulanten,,,,,,
China-Reise,,,,,,
"dpa-Videokanal"",""mainTheme"":""Video"",""durationInSeconds"":""00:52"",""tags"":[""Video""],""autoListing"":true,""seoData"":{""seoTitle"":"""",""seoDescription",,,,,,
Oelul el ple Voktel,,,,,,
Donnerstag-Ausgabe,,,,,,
Yale-Forscher,,,,,,
Bekanntg,,,,,,
Sturgeon,,,,,,
China-Versteher - Aburteilen,,,,,,
Washingt,,,,,,
Blpuev,,,,,,
Uunpleue Beeltle,,,,,,
Velleu Pnttell &amp,,,,,,
Wachstumsfeuer,,,,,,
Airbnb-Aktie,,,,,,
Konfrontati,,,,,,
Palazzo Chigi,,,,,,
Zauder-Kanzler,,,,,,
R. Klug.</em,,,,,,
Waffenforderungen,,,,,,
Überraschend,,,,,,
Leopardenkostüm,,,,,,
Medienminister von NRW,,,,,,
Goethe-Uni,,,,,,
Strack-Zimmermann,,,,,,
Belfast,,,,,,
Lilibet,,,,,,
künd,,,,,,
Massenumzüge,,,,,,
Saalveranstaltungen,,,,,,
Spag,,,,,,
Putin-Spion,,,,,,
BörsenWoche,,,,,,
Kabinettsumbildung,,,,,,
BILD-Wahlcheck,,,,,,
Top-20-Platz,,,,,,
Amt - Neuer,,,,,,
Messerattacke von Brokstedt,,,,,,
Ex-Politikern,,,,,,
Großbritanniens Prinz Harry,,,,,,
Atlantikküste,,,,,,
Sicherheitskrä,,,,,,
Drohnenhersteller</li><li,,,,,,
französische Staat,,,,,,
Shortselling-Haus,,,,,,
Ukraine +++ Selenskyj,,,,,,
Terroralarm,,,,,,
Alarmst,,,,,,
Fürhung,,,,,,
Braun­kohletagebaus Gar,,,,,,
Haltun,,,,,,
Kinderzimmerregalen,,,,,,
Trump-Saga,,,,,,
Neu Dehli,,,,,,
Migr,,,,,,
Bradenton,,,,,,
Macron-Besuch,,,,,,
Ballon-Abschuss,,,,,,
Krönungs-Organisation,,,,,,
Brüssel +++,,,,,,
Dienstagsausgaben,,,,,,
Dokumentenleak,,,,,,
Flughafen Hahn,,,,,,
Flughafens Hahn,,,,,,
Hunsrück-Flughafen,,,,,,
Stromabschaltungen,,,,,,
Ostukraine +++,,,,,,
(74) - und,,,,,,
Nil,,,,,,
Haaland,,,,,,
Bundeswirtschaftsministeriums,,,,,,
Buckingham-Palast am Mittwoch,,,,,,
Flughafe,,,,,,
Macrons China-Reise,,,,,,
Tunesien,,,,,,
Impf­buch,,,,,,
Erzdiözese München und,,,,,,
Verlagsangebot Europe,,,,,,
Ukraines,,,,,,
Regionalflughafen Hahn,,,,,,
Bundesjustizminister,,,,,,
helle,,,,,,
Haus am Meer,,,,,,
Mühsam,,,,,,
Palast Camilla,,,,,,
Ukraine Russland,,,,,,
Helskinki,,,,,,
Bundesregi,,,,,,
BBC-Interview,,,,,,
Yamoussoukro,,,,,,
Regionalflughafens,,,,,,
Abidjan,,,,,,
Münchner Olympiahalle,,,,,,
Siemens-Energy-Hauptversammlung,,,,,,
peuu,,,,,,
Uepeup,,,,,,
Nexus-Forschungsinstitut,,,,,,
den Niederlanden,,,,,,
Israelische Regierung,,,,,,
Vater Staat,,,,,,
Fake-Depression,,,,,,
CSU-Chef,,,,,,
Show-Ausgabe,,,,,,
Moviepilot,,,,,,
Metroplex Expo Center,,,,,,
Ukraine +++ Russland,,,,,,
Konzern-Chef,,,,,,
US-Zwischenwahl,,,,,,
Kawusi-Folge,,,,,,
Wasserstoffwunderland,,,,,,
Politiker-Ranking,,,,,,
Twitter: Weißes Haus,,,,,,
Corona-Erkrankun,,,,,,
Twitter-Dokumente,,,,,,
Masketragen,,,,,,
Eierwür,,,,,,
Funke-Portal,,,,,,
Reichweitenportals,,,,,,
PO i0.,,,,,,
Beplnel,,,,,,
Pllet,,,,,,
US-Ministerium,,,,,,
Strafkolonie,,,,,,
Smog,,,,,,
Youngstown,,,,,,
Russen-Abzug,,,,,,
Macrons,,,,,,
Donezker Volksrepublik,,,,,,
Separatistengebildes,,,,,,
US-Kritik,,,,,,
Phuloluu,,,,,,
Krypto-Börsen,,,,,,
Krim-Brücke +++,,,,,,
Schwit,,,,,,
Schild,,,,,,
Terzo Polo,,,,,,
SO,,,,,,
Netflix-Trailer,,,,,,
Au0enministerin,,,,,,
nO vekl en pelu,,,,,,
PlluO,,,,,,
Villeroy de Galhau,,,,,,
Mama-Tochter-Beziehung,,,,,,
Jakarta,,,,,,
Visa-Anträgen,,,,,,
Corona-Erkrankungen,,,,,,
Pan,,,,,,
William,,,,,,
Freistaat Sachsen,,,,,,
CEO Mark Zuckerberg,,,,,,
Reichsbürgermilieu,,,,,,
Sizilien,,,,,,
Queen,,,,,,
Google-Trends,,,,,,
Suchtrends,,,,,,
Konkurrenzangeboten,,,,,,
Zentrum des Netzwerks,,,,,,
Eiwurf,,,,,,
AfD-Politikerin,,,,,,
Corona: Bayern,,,,,,
Chipfirmen,,,,,,
Neu-Dehli,,,,,,
Extra-Verhandlungen,,,,,,
Freien Hansestadt Bremen,,,,,,
Kurdenregion,,,,,,
Provinz Kurdistan,,,,,,
E-Fuels,,,,,,
Generalbundesanwalts,,,,,,
Bundesamtes für Sicherheit in der Informationstechnik,,,,,,
Bundesrechnungshofes,,,,,,
Toulon,,,,,,
Warnock,,,,,,
Front +++,,,,,,
Budanow,,,,,,
Ostukraine ge,,,,,,
finanzier,,,,,,
verabschi,,,,,,
SPIEGEL-Redaktion,,,,,,
Mädchen-Mord,,,,,,
Hanseatischen Oberlandesgericht,,,,,,
Spanisch +++ Salz,,,,,,
Chez Krömer“-Aus,,,,,,
Stadt Cherson,,,,,,
Sexuelle Gewalt,,,,,,
Abstufungen,,,,,,
Landgericht Köln,,,,,,
Krankenhaussystem,,,,,,
Putin-Vertrauter,,,,,,
Russland +++,,,,,,
Staatsanwaltschaft Köln,,,,,,
Det,,,,,,
Dienstlei,,,,,,
Emirate,,,,,,
EU-Investitionsregeln,,,,,,
Ostafrika,,,,,,
Bedingungen</li><li,,,,,,
Sharm el Scheich,,,,,,
Weissen Hauses,,,,,,
Oblast Saporischschja,,,,,,
kremltreue Moskauer Patriarchat,,,,,,
Politiker-Kostüm,,,,,,
Reno,,,,,,
Tesla-Ch,,,,,,
Ölkn,,,,,,
Beding,,,,,,
veralbere,,,,,,
Snowdens Pass,,,,,,
Woelkis Bistum,,,,,,
Putin-T,,,,,,
Wests,,,,,,
Snowdens,,,,,,
Abschlu,,,,,,
Bisland,,,,,,
Homeoffice-Pauschale,,,,,,
Youtube-Gewinner,,,,,,
Fritz-Update,,,,,,
Moskauer Pa,,,,,,
ujumfµ##?Fnnbvfm,,,,,,
iunm,,,,,,
Fs jtu,,,,,,
Twitter-App,,,,,,
Richtu,,,,,,
Erpr,,,,,,
rot-grün-gelben,,,,,,
Königreichs Euphorie,,,,,,
Persischen Golf,,,,,,
russischen Fernsehen,,,,,,
Spanische Regierung,,,,,,
Briefbombe,,,,,,
Ermittlerkreise,,,,,,
China-Papier,,,,,,
Papst-Bemerkung,,,,,,
Truppenrückzug,,,,,,
Li,,,,,,
Dniprop,,,,,,
Vereinigten Staate,,,,,,
Omaha,,,,,,
Cherso,,,,,,
Nicht-Kontakten,,,,,,
Regierungskrise.</li><li,,,,,,
Kapstadt,,,,,,
Demonstrati,,,,,,
Infektionszahlen,,,,,,
Präsidentschaftskandid,,,,,,
Ukraine +++ Grüne,,,,,,
russische Regierung,,,,,,
US-Geheimdienstkoordinatorin,,,,,,
Wirtschaftsdiplomati,,,,,,
Abzugspläne,,,,,,
Ölpreisbremse,,,,,,
Weissrusslands,,,,,,
Scheideweg,,,,,,
Winterszene,,,,,,
Pass,,,,,,
VelnO,,,,,,
Iluu Pklnoette,,,,,,
Gastgeberlands Indonesien,,,,,,
Lahmarschigkei,,,,,,
Hauptstadtflughafen BER,,,,,,
Ngozi Okonjo-Iweala,,,,,,
Brügge,,,,,,
Kulturbetrieb s…,,,,,,
US-Energiepaket,,,,,,
Verkehrsminister,,,,,,
Xi Jinping,,,,,,
Drei-Milliarden-Euro-Entlastungspaket,,,,,,
S… Oldenburg,,,,,,
Schiedsko,,,,,,
Hightech-Konzerne,,,,,,
Chicago,,,,,,
Zekl,,,,,,
pep huOOnueteu,,,,,,
Rudo,,,,,,
Propaganda-Vertreter,,,,,,
Schnellerer Bau von Autobahnen,,,,,,
Regierung Nehammer,,,,,,
Chaos-Wochen,,,,,,
Political-Moments,,,,,,
Na,,,,,,
Amour,,,,,,
Revol,,,,,,
Belarus</li><li>20:52,,,,,,
Staatsbür,,,,,,
iPhone-Konzerns,,,,,,
Oldenburg,,,,,,
Stadt Oldenburg,,,,,,
Diskussionsver,,,,,,
Asia Techonomics,,,,,,
Größenwahnsinnig,,,,,,
Hamburger Arbeitsgericht,,,,,,
Bahamas,,,,,,
Landeskriminal,,,,,,
Serhii,,,,,,
Social-Media-Konzern,,,,,,
D…,,,,,,
Neuseeland-Chefin,,,,,,
Mikrofon-Panne,,,,,,
Eingefrorene,,,,,,
ungarische Regierung,,,,,,
Gasfeldes,,,,,,
Häftlingsaustausche,,,,,,
Bahnnetzes,,,,,,
Buchs,,,,,,
Ostschweiz,,,,,,
Pnt,,,,,,
Zukunftsmuseum,,,,,,
Sharm el Sheikh,,,,,,
Pklue,,,,,,
ueek plel,,,,,,
Elektro-Auto-Kurs,,,,,,
Alexanderplatz,,,,,,
Kohinoor,,,,,,
Fortschri,,,,,,
Arbeitsgerichts Reutlingen,,,,,,
Linken-Spitze,,,,,,
Ohio ++,,,,,,
Maricopa Cou,,,,,,
Elon-Twitter-Wahnsinn,,,,,,
Hilfskonferenz,,,,,,
Katar-Gate,,,,,,
Odessas ++,,,,,,
Wahlbüros,,,,,,
DüsseldorfMark Zuckerberg,,,,,,
(74) und Königs…,,,,,,
Twitter-Revolution,,,,,,
Gasverträge,,,,,,
Vereinigten S,,,,,,
Bunde,,,,,,
Brüssel-Kritiker,,,,,,
Bestechungsskandals,,,,,,
Landesamt für Digitalisierung,,,,,,
Dayton,,,,,,
Schmiergeld-Skandal,,,,,,
Wirtschafsweisen,,,,,,
Uschhorod,,,,,,
Hitler-Fan,,,,,,
EU-Gipfeln,,,,,,
Washington Ich,,,,,,
Finnische Regierung,,,,,,
Küste Grossbritanniens,,,,,,
britischen Küstenwache,,,,,,
Dover,,,,,,
Frankrei,,,,,,
Pöstler,,,,,,
Binance-Gründer,,,,,,
Kampfpanzer?2.,,,,,,
Mafia-Recht,,,,,,
Bildsc,,,,,,
Russischen Föderation,,,,,,
Elon Musks,,,,,,
US-Amerikanern,,,,,,
Exil-Windsors,,,,,,
Königshaus-Kennern,,,,,,
Milliardenwert,,,,,,
Milliardenwer,,,,,,
Subventionsrennen,,,,,,
Hohe Haus,,,,,,
Höchsta,,,,,,
Merkur,,,,,,
Bnup evel,,,,,,
Industrie-Preisbremse,,,,,,
Wint,,,,,,
Klima-Champion,,,,,,
Anti-Kriegs-Stimmung,,,,,,
Anti-Kriegs-St,,,,,,
Winfrie,,,,,,
Belg,,,,,,
Midterm-Wahlkampf,,,,,,
Halblei,,,,,,
Südkorea-Politiker,,,,,,
Internet-Troll,,,,,,
Promi-Pärchen,,,,,,
Mittwoch Platz,,,,,,
lklel Plettuelllelellu,,,,,,
Benlpekteupp,,,,,,
6leue,,,,,,
Zelpute,,,,,,
Athener,,,,,,
Talkshows,,,,,,
ungarischen Regierung,,,,,,
Instanbul,,,,,,
evpnlplle,,,,,,
Pekoue Ueupkonpel,,,,,,
Irre,,,,,,
Mussorgskys,,,,,,
Königsloge,,,,,,
vel leeklp,,,,,,
US-Bundestaat,,,,,,
Exi,,,,,,
Missbrauchsvorwürfen,,,,,,
Özdemir,,,,,,
Cem Özdemir,,,,,,
Anziehen,,,,,,
Milliarden-Akquisition,,,,,,
Religiös-Zionis,,,,,,
Gefängniswärter Durchlaucht,,,,,,
"Reichsbürger""-Szene",,,,,,
Selenskyi,,,,,,
Munz,,,,,,
Kirgisistan,,,,,,
Eurasischen Wirtschaftsunion,,,,,,
Verhan,,,,,,
Öltanker-Stau am Bosporus,,,,,,
NATO-Norderweiterung</li><li,,,,,,
Virchow-Campus,,,,,,
Golfstaats,,,,,,
Söder-Tochter,,,,,,
Blockadeaktionen,,,,,,
Russische Gouverneure,,,,,,
Vorbei,,,,,,
Militärflugplätze,,,,,,
Krim-Annexion,,,,,,
Berlin-Neukö,,,,,,
Mahnwache,,,,,,
Corona-Lockerungen,,,,,,
Fratelli d’Italia,,,,,,
Focus-Autor,,,,,,
Putin-Berater,,,,,,
Stromn,,,,,,
Foreign Office,,,,,,
Garmisch-Partenkirchen,,,,,,
Greifswald,,,,,,
Razzia,,,,,,
Mini-Eklat,,,,,,
Wahlsaison,,,,,,
Reichsbürger-Terrorbande,,,,,,
Terrorbande,,,,,,
Reuß-Köstritz,,,,,,
Golf,,,,,,
Luftwaffenstützpunkt Coningsby,,,,,,
Medina,,,,,,
Lobby-Regeln,,,,,,
Spitzenver,,,,,,
Debrecen,,,,,,
Jagdschloss Waidmannsheil,,,,,,
Saaldorf,,,,,,
Korruptionsermittlungen,,,,,,
Linke,,,,,,
Yale-Dozent,,,,,,
Queer-Beauftragten,,,,,,
Terf,,,,,,
Br,,,,,,
Gouvernement Kiew,,,,,,
RAF-Vergleichen,,,,,,
Nordkorea-Experten,,,,,,
Nordkorea-Diktator,,,,,,
Visa-Verhandlungen,,,,,,
Maricopa C,,,,,,
Menschenmassen,,,,,,
Britische Regierung,,,,,,
Georgia +++,,,,,,
Smart Home,,,,,,
Donezk +++ USA,,,,,,
Legitimationslücke,,,,,,
Seleção,,,,,,
Bra­si­lien,,,,,,
Preußens,,,,,,
Marina,,,,,,
Krisengewinnlern,,,,,,
Ppel,,,,,,
Ringen,,,,,,
Mittwo,,,,,,
FDP-Anhänger,,,,,,
Zentralasien,,,,,,
Kirgistans,,,,,,
Bischkek,,,,,,
Reichen-Liste,,,,,,
Feh,,,,,,
Terror-Prinzen,,,,,,
Prinzenschloss,,,,,,
Frontgebiete,,,,,,
Strasbourg,,,,,,
Bundesgerichtshof,,,,,,
Holodomor-Debatte,,,,,,
Rückeroberungen,,,,,,
Gas-Kartelle,,,,,,
Zusammenh,,,,,,
Tausenden Amazon-Mitarbeitern,,,,,,
Erkenntnissen,,,,,,
Safe,,,,,,
Ex-Sowjetrepublik Millionen,,,,,,
Millionen-Vermögens,,,,,,
Twitter-Regeln,,,,,,
Coinbase-Aktie,,,,,,
zeit…,,,,,,
ITAR-TASS,,,,,,
Umfrage-Chaos,,,,,,
Lebensge,,,,,,
US-Dol,,,,,,
Krim-Stadt Sewastopol,,,,,,
Montagmorge,,,,,,
Taiwan-Frage,,,,,,
Ausbauzielen,,,,,,
Neues Amt,,,,,,
Polens Grenzgebiet,,,,,,
Armbinden-Verbot,,,,,,
Alexa,,,,,,
Hessen-Politikerin,,,,,,
Putin-Nähe,,,,,,
impertinenter,,,,,,
Abwehrmodus,,,,,,
Algerien,,,,,,
Russland-Ukraine-Krieg,,,,,,
Ex-Vize,,,,,,
Artillerieüberfälle,,,,,,
Atomwaffen-Einsatz,,,,,,
Jahr</li><li>17:13 Uhr,,,,,,
Mitgli,,,,,,
Bundesrepublik ei…,,,,,,
sin…,,,,,,
Bodenoffensiven,,,,,,
Honorarkonsuln,,,,,,
Aufd,,,,,,
Ex-Sowjetrepublik-Moldau,,,,,,
Russland-Nähe,,,,,,
Holocaust-Äußerung,,,,,,
Wahn,,,,,,
Mund-Nasen-Schutz,,,,,,
Abstandhalten,,,,,,
Hongkongs,,,,,,
Parlamentsbüro,,,,,,
Ueupep,,,,,,
Platz der Unabhängigk,,,,,,
Verlagsangebot,,,,,,
Wikileaks-Plattform,,,,,,
Südameri,,,,,,
Staatsgästen,,,,,,
76-Jähr,,,,,,
Botanischen Garten,,,,,,
Singapur Renanthera Olaf Scholz,,,,,,
One Love«-Binde,,,,,,
Deutschland-Spiel,,,,,,
Pandemie-Verlauf,,,,,,
Klimawan,,,,,,
Regierung Meloni,,,,,,
Endemie,,,,,,
Behör,,,,,,
Zuhältern,,,,,,
Kölner Erzbistums,,,,,,
Missbrauchshinweisen,,,,,,
Digitalkolumne,,,,,,
Cherson5.,,,,,,
Singapur3.,,,,,,
Zagre,,,,,,
Wahlkampf-Debatte,,,,,,
mpdlfs hfnbdiu,,,,,,
Esfj Njmmjbsefo Fvsp,,,,,,
Windsor Castle,,,,,,
Caritas-Verbände,,,,,,
Vatikan-Angaben,,,,,,
Nachrichtenpodcast,,,,,,
Pompöser,,,,,,
Castro-Denkmal,,,,,,
Klima-Protesten,,,,,,
Kiew +++,,,,,,
US-Steuerbehörde,,,,,,
IRS,,,,,,
Niederlage am Supreme Court,,,,,,
US-Immunologe,,,,,,
Kreml-Herrscher,,,,,,
südukrainische Stadt,,,,,,
Schwarzmeerhafen Odessa,,,,,,
ARD</em>-Interview,,,,,,
Belarusen,,,,,,
Tichanowskaja,,,,,,
No,,,,,,
Uno-Gipfel,,,,,,
Wissen,,,,,,
Landes Thüringen,,,,,,
Westdeutschen,,,,,,
Billig-Gas,,,,,,
Präsiden,,,,,,
Virginia,,,,,,
Przewodów,,,,,,
Zeit im Weißen Haus,,,,,,
Gaza-Streifen,,,,,,
Dschabalia,,,,,,
Colorado Springs,,,,,,
BMW-Zeiten,,,,,,
Han,,,,,,
Faesers,,,,,,
Grundsatzabteilung,,,,,,
MH17.,,,,,,
Rhetorischer,,,,,,
Daheim,,,,,,
Kand,,,,,,
Berlins Grünen-Spitze,,,,,,
"Washington..
No",,,,,,
Donald… Palm Beach,,,,,,
Pazifiks,,,,,,
Staat Florida,,,,,,
vermein,,,,,,
Niedriglohnkommission,,,,,,
Topverdienern,,,,,,
Trump Tower,,,,,,
Günther,,,,,,
A20,,,,,,
Berlinern,,,,,,
Volkswagen,,,,,,
Wahlchaos,,,,,,
Polen +++ Russische Wirtschaft,,,,,,
Blackstone,,,,,,
Private-Equity-Riesen Blackstone,,,,,,
SPD-Bundesvorsitzenden,,,,,,
Pjongjang,,,,,,
D… Papst Franziskus,,,,,,
News:,,,,,,
Kongresskammer nöti,,,,,,
Abgeordnetenhauses,,,,,,
Hafen-Terminal,,,,,,
Medienleak,,,,,,
Przewodow,,,,,,
Pannenflieger loswurde,,,,,,
Klimaschädenfonds,,,,,,
puael,,,,,,
Kashoggi,,,,,,
Horn von Afrika,,,,,,
Ang,,,,,,
(74) hat die Stopfleber vom Speiseplan des briti…,,,,,,
Emirats Katar,,,,,,
( 96,,,,,,
Verbraucherpreisen,,,,,,
westafrikanischen Küste,,,,,,
Gasfeldern,,,,,,
C,,,,,,
Friedrichshafen,,,,,,
Nato-Marineverband,,,,,,
Vereinigte Königreic,,,,,,
Sharm El Scheich,,,,,,
Truppenpräsenz,,,,,,
Gebiet Luhansk,,,,,,
Nutzer-Umfrage,,,,,,
Musk-Umfrage,,,,,,
Garuda-Wisnu-Kencana-Kulturpark,,,,,,
Arabien,,,,,,
Füllkrug-Einsatz,,,,,,
Golfmonarchien,,,,,,
konfrontatives,,,,,,
Klimarealität,,,,,,
Mar-a,,,,,,
SZ-Podcast,,,,,,
G20-Gipfel,,,,,,
Flugbahn,,,,,,
Sicherheitsmanagements,,,,,,
Staates Florida,,,,,,
Wirtschaftsministerium,,,,,,
G-20,,,,,,
Khashoggi-Mord,,,,,,
Mobilfunkausfall,,,,,,
Nord Stream,,,,,,
Anti-Mafia-Autor,,,,,,
Parlamentsabgeordn,,,,,,
Total-Chef,,,,,,
Stromproblemen,,,,,,
Ungarns Premier,,,,,,
kremlnahen Kreisen,,,,,,
Donez,,,,,,
Beetllol,,,,,,
uleklp vlppeu,,,,,,
Neuzugä,,,,,,
Minusgraden,,,,,,
Fotovoltaik-Pflicht,,,,,,
Schreckensszenario,,,,,,
El País,,,,,,
Wirtschaftsbeziehungen</li><li>16:39 Uhr,,,,,,
Pinduoduo,,,,,,
Kiew-Haushalte,,,,,,
Infarm,,,,,,
Russland +++ Mützenich,,,,,,
"190,6.",,,,,,
Cherson Schmach,,,,,,
NATO-Treffen,,,,,,
Donezk</li><li>15:00,,,,,,
Gas-Deal Katars,,,,,,
App Store,,,,,,
Krem,,,,,,
Auszählun,,,,,,
Tierga,,,,,,
Corona-Winter,,,,,,
Nju,,,,,,
Cvoeftubhtbchfpseofufo Hsfhps Hztj,,,,,,
Corona-Prognose,,,,,,
Bidens Nachfolgefrage,,,,,,
Znu vltt,,,,,,
Woelki-Faktor,,,,,,
Amtsgerichtsbezirk Köln,,,,,,
Vormarsc,,,,,,
Chersons,,,,,,
Bundesgesundheitsministe,,,,,,
Japanspiel,,,,,,
Ost,,,,,,
Putinland,,,,,,
Hauptsta,,,,,,
Marktkirche,,,,,,
Fens,,,,,,
Nieder,,,,,,
Holodomor-Mahnmälern,,,,,,
Ajatollahs,,,,,,
Geringverdienenden,,,,,,
Monarch,,,,,,
Thailand,,,,,,
Berl,,,,,,
Enerhodar,,,,,,
BGH,,,,,,
Bombenschutzkellern,,,,,,
Blueeul,,,,,,
peO oelleltleleu,,,,,,
Neubauer,,,,,,
Nacht +++,,,,,,
Mykolajiw,,,,,,
Berliner Amtsgericht,,,,,,
Landgericht Osnabrück,,,,,,
Außenm,,,,,,
Fed-Chef,,,,,,
Leitzinserhöhungen,,,,,,
Versammlungsrecht,,,,,,
Nordirak,,,,,,
Techmilliardär,,,,,,
Oligarchen-Hilfe Moldau,,,,,,
Niedersächsische Ermittler,,,,,,
Munitionsmangels,,,,,,
Tech-Crackdown,,,,,,
Flugabwehr-Angebot,,,,,,
(24) auf der Anklagebank,,,,,,
(24) auf der,,,,,,
Twitter-Chaos,,,,,,
Lupe,,,,,,
Nachmittagstermin,,,,,,
Wa,,,,,,
Süde,,,,,,
San FranciscoTwitter-Neu-Eigentümer Elon Musk,,,,,,
Neuseeland-Besuch,,,,,,
Sta,,,,,,
Gasdeals,,,,,,
Belarus.</li><li,,,,,,
Dnjepr,,,,,,
Sinken,,,,,,
Russlands Staatsduma,,,,,,
Dnepr,,,,,,
Sharm al-Sheikh ta…,,,,,,
französische Regierung Italiens,,,,,,
Vernebeln,,,,,,
Euro-Raum,,,,,,
Peripherie-Ländern,,,,,,
Arlington,,,,,,
Anti-iPhone,,,,,,
Politpopstar,,,,,,
Investigativjournalisten,,,,,,
Atomkraft-Renaissance,,,,,,
Sondertribunal,,,,,,
Siwersk,,,,,,
Katalonien-Konflikt,,,,,,
Steuerhinterziehungsprozess,,,,,,
Kole,,,,,,
Provisions-Links,,,,,,
europäischen Ländern,,,,,,
fort</li><li,,,,,,
Spannungstest,,,,,,
Lügen-Sturm,,,,,,
Krimannexion,,,,,,
Ithaka,,,,,,
(dpa),,,,,,
Kryptokrise,,,,,,
durcheinanderzubringen,,,,,,
Pandemie-Maßnahmen,,,,,,
Singapurer,,,,,,
Pressekonfere,,,,,,
Croatia,,,,,,
stoppen.</li><li,,,,,,
Scholz-Rede,,,,,,
Borne,,,,,,
ul><li>22:28,,,,,,
Kiew</li><li>17:57,,,,,,
Shopping Mall,,,,,,
Kiewer Bahnhof,,,,,,
inAussicht,,,,,,
Ex-EZB-Bankers,,,,,,
iranischen Regierung,,,,,,
Handelspa,,,,,,
Habeck-Vorstoß,,,,,,
Entführungs-Drama,,,,,,
One,,,,,,
Walerij Saluschnij,,,,,,
Royal-Hochzeit,,,,,,
Cherson +++ Russische Truppen,,,,,,
abgetr,,,,,,
Ausgebombte,,,,,,
Obersten Wahlgericht,,,,,,
Cherson ++  WELT,,,,,,
Insel Krk,,,,,,
Bürgergeld-Kompromiss,,,,,,
Dunkeln,,,,,,
Obersten Gericht,,,,,,
Winterwelle,,,,,,
FTX-Pleite,,,,,,
Sant Joan de Deu,,,,,,
Senatorensitz,,,,,,
Commerzbank-Aufsichtsrat,,,,,,
Arbeitersohn,,,,,,
Abschi,,,,,,
auszusag,,,,,,
amerika,,,,,,
Exklusives Focus-Interview,,,,,,
Howard Theatre,,,,,,
Wagne,,,,,,
Bahnhof,,,,,,
vor</li><li,,,,,,
Staatengruppe,,,,,,
Essener,,,,,,
Kongresskammer,,,,,,
herangelassen,,,,,,
App-Stores,,,,,,
Insel Ischia,,,,,,
Neapel,,,,,,
3-Millionen-Hauptstadt Kiew,,,,,,
West-Propaganda,,,,,,
Ta,,,,,,
Selenskyj-Kommentar,,,,,,
Gaspreisbremsen,,,,,,
Bundestags-Beratungen,,,,,,
Schonvermögens,,,,,,
amerikanischen Regierung,,,,,,
Kooperation</li><li,,,,,,
Cherson angelaufen</li><li,,,,,,
Zivilschutzes,,,,,,
Flo,,,,,,
Disney-Chefsessel,,,,,,
Altkanzlerin,,,,,,
Business-Helden,,,,,,
Staudenhof,,,,,,
Alten Markt,,,,,,
Linken-Ministerpräsident,,,,,,
Potemkin,,,,,,
Kreml-Front,,,,,,
Deutschlands First Lady,,,,,,
Euronews,,,,,,
Pixabay,,,,,,
Élisa,,,,,,
Berlin-Reise,,,,,,
Stuttgart-Stammheim,,,,,,
Deutschlands Regierung,,,,,,
Volkswagen-Fabrik,,,,,,
Zwickau,,,,,,
Nuklearprogramms,,,,,,
Potemkin heim,,,,,,
US-Demokratin,,,,,,
Sandringham-House,,,,,,
Badisch,,,,,,
Südafrika am Scheideweg,,,,,,
Kap,,,,,,
Siegesplatz,,,,,,
Palästinenser-Präsident,,,,,,
Elektro-Passat,,,,,,
Steuer-Privilegien,,,,,,
jW,,,,,,
Repräsentantenhaus-Sprecher,,,,,,
Atlantik,,,,,,
Tennisplatz,,,,,,
Steiermark,,,,,,
Böllerdebatten,,,,,,
Zen,,,,,,
Forderun,,,,,,
bi,,,,,,
Corona-Welle in,,,,,,
Reic,,,,,,
Flugplatz Belbek,,,,,,
Neudörfl,,,,,,
Mattersburg,,,,,,
Krim +++ Caritas,,,,,,
Signalcharakter,,,,,,
Taiwan +++,,,,,,
Samara,,,,,,
Russland +++ Ukraine,,,,,,
Russen-Vermögen,,,,,,
E-Auto-Pioniers,,,,,,
Israelischer Minister,,,,,,
Zermürbungstakti,,,,,,
Tschulak,,,,,,
Silvestervideo,,,,,,
Xi Jinpings China,,,,,,
Wohlstandsverlust,,,,,,
Innenministerium von Sachsen-Anhalt,,,,,,
Landes Sachsen-Anhalt,,,,,,
Sachsen-Anh,,,,,,
OLG,,,,,,
E-Autohersteller,,,,,,
Iron Dome,,,,,,
Klima-Sprit,,,,,,
FOCUS-onli,,,,,,
Don… Berlin,,,,,,
Erfurter Dom,,,,,,
Bundesamtes für Sicherheit,,,,,,
Cherax,,,,,,
PnupepluueuOlulplellu,,,,,,
Aufklärungspanzern,,,,,,
Nordamerikas,,,,,,
Neuköllns,,,,,,
Laufzeitdebatte,,,,,,
Hamlins,,,,,,
Eisenstadt,,,,,,
Oggau,,,,,,
Mörbisch,,,,,,
Marder-Schützenpanzern an Kiew,,,,,,
Golfstaat Bahrain,,,,,,
Marder-Panzer,,,,,,
Bologna,,,,,,
Peking-Reise,,,,,,
Ampel-Koaliton,,,,,,
Theater Münster,,,,,,
Bundesrepublik vo…,,,,,,
Atomwaf,,,,,,
Volksrepublik Luhansk,,,,,,
Volksrepublik Donezk,,,,,,
Silvester-Attacken,,,,,,
Propaganda-Trick,,,,,,
Schlangeninsel,,,,,,
Sternsingergewändern,,,,,,
Veuu,,,,,,
Neva,,,,,,
Satireshow,,,,,,
Liturgiesprache,,,,,,
Börsenausblick,,,,,,
Nicht-vergessen-Können,,,,,,
Klimaproteste,,,,,,
ROM,,,,,,
China-Versteher - Putin,,,,,,
Neue Zeit,,,,,,
Aktenklau,,,,,,
Betrug,,,,,,
Coronavirus-Variante,,,,,,
Oslo,,,,,,
Münchens,,,,,,
Stadionbesuch,,,,,,
Trauermesse,,,,,,
Trauergeläut,,,,,,
Deutsc,,,,,,
EU-Ländern,,,,,,
Corona-Tests,,,,,,
China-Reisende,,,,,,
Papstbegräbnis,,,,,,
Griechenlands,,,,,,
Friedensnobe,,,,,,
Geht das Land,,,,,,
Covid-Chaos,,,,,,
ul><li>19:02,,,,,,
Pipeline Nord Stream,,,,,,
Wirtschaftsbossen,,,,,,
Kloster Mate,,,,,,
Trump-Konzerns,,,,,,
Kloster,,,,,,
Requiem,,,,,,
St. Oswald,,,,,,
Bahrain-Besuch,,,,,,
Ehemaliges Kirchenoberhaupt,,,,,,
katholisc,,,,,,
Russlan,,,,,,
Garmisch,,,,,,
Nordkiche,,,,,,
Te Deum,,,,,,
Uelelupelnuaeu,,,,,,
Neujahrsrede,,,,,,
Freising am Samstagabend,,,,,,
Silvestermess,,,,,,
Kurztrip,,,,,,
Öffentlich-Rechtliche,,,,,,
Traunstein im Chiemgau,,,,,,
Nachtspaziergang,,,,,,
Vatikanmauern,,,,,,
Asterix-Dorf,,,,,,
Vergan,,,,,,
Seattle,,,,,,
Twitter-Beef,,,,,,
Vorzeigeehepaar,,,,,,
Zuf,,,,,,
Eingangsstatements,,,,,,
Bluknua,,,,,,
Myanmar,,,,,,
Midtermwahlen,,,,,,
Essen,,,,,,
Seoul Nordkoreas,,,,,,
Corona-Blase,,,,,,
Influencer,,,,,,
Influenc,,,,,,
Lächerlichk,,,,,,
US-Fernsehjournalistin,,,,,,
Zeitgemäßer,,,,,,
Großbrit,,,,,,
Neujahrsfeierlichkeiten,,,,,,
Donnerstagfrüh,,,,,,
Sam… Denen,,,,,,
Separ,,,,,,
luvlevell,,,,,,
Morg,,,,,,
Angola,,,,,,
Kamerun,,,,,,
Rücktrittspläne,,,,,,
Bolivien,,,,,,
Tausende,,,,,,
Platzen,,,,,,
Amazonas-Schutzfonds,,,,,,
Santo subito,,,,,,
Anti-Fracking-Protest,,,,,,
Dudensen,,,,,,
Niedersachsen Foto,,,,,,
Böller-Verbot,,,,,,
Olaf-Scholz-Reise,,,,,,
Zwe,,,,,,
CCTV+,,,,,,
Europa-Park am Montag,,,,,,
Ortenaukreis,,,,,,
JuliaDavisNews,,,,,,
Ex-Nato-General,,,,,,
Landes Israel,,,,,,
Charles,,,,,,
Palästinas,,,,,,
Promiflash.de,,,,,,
Archivbild,,,,,,
Detox-Pflaster,,,,,,
Glasmacher,,,,,,
Sankt Bartholomäus,,,,,,
Frankfurter Doms,,,,,,
Synodalen Wegs,,,,,,
Basilika Sankt Peter Abschied,,,,,,
Detox-Tee,,,,,,
Vatikan-Kloster Mater Ecclesi,,,,,,
Wiesbadener,,,,,,
Unschuldswahn,,,,,,
Klosters Mater Ecclesiae,,,,,,
Lausitz,,,,,,
Mars,,,,,,
Russen-Knast,,,,,,
Militärhilfen,,,,,,
gefasst3.,,,,,,
Amtswechsel,,,,,,
heuu el ple,,,,,,
labere,,,,,,
Macho-Influencer,,,,,,
National Palace,,,,,,
Kriegskollaps,,,,,,
Grünen-Tausch,,,,,,
Neu-Minister,,,,,,
Russland Soledar,,,,,,
Müssen an Grenze,,,,,,
ke…,,,,,,
Energieausfall,,,,,,
Besser,,,,,,
Bundesinnenminis,,,,,,
Mexico-Stadt,,,,,,
Silvester-Nacht,,,,,,
Talk-Themen,,,,,,
Lissabon,,,,,,
Silvesterkrawallen,,,,,,
Le,,,,,,
Frühlin,,,,,,
Geheimpapieren,,,,,,
Mittwochm,,,,,,
Schwarzheide,,,,,,
Wahlamtes,,,,,,
Pro-Putin-Agenten,,,,,,
russischen Regierung,,,,,,
Stadt Charkiw,,,,,,
Sendungs-Check,,,,,,
Penn,,,,,,
Bidens Bür,,,,,,
Brisanter,,,,,,
Katzwang,,,,,,
Nazi-Uniform,,,,,,
Jahrze,,,,,,
Silvesterdebatte,,,,,,
Newquay,,,,,,
Ratzinger-Häme,,,,,,
Bidens Anw…,,,,,,
Iue Plpeu,,,,,,
Lateinamerikas,,,,,,
Wiener Stephansdom,,,,,,
Max-Schmeling-Halle,,,,,,
Konzert,,,,,,
US-Repräsentantenhaues,,,,,,
Soledar-Schlacht,,,,,,
Moderierens,,,,,,
russischen Grenze,,,,,,
Luxuskönig,,,,,,
Kronen-Glanz,,,,,,
Neuköllner,,,,,,
gerec,,,,,,
Biden-Mitarbeitern,,,,,,
Liwiw,,,,,,
Fest,,,,,,
Vorgän,,,,,,
Bischofsämter,,,,,,
Braunkohleorts Lützerath,,,,,,
Ukraine-Krie,,,,,,
Joe Bidens Garage,,,,,,
Hauptempfängerland,,,,,,
Äthiopiens,,,,,,
Kohle-Dorf,,,,,,
Koch-Institut,,,,,,
Roten Platz,,,,,,
Bambergs,,,,,,
Garantiemacht,,,,,,
Angebotsschock,,,,,,
Twitter-Schnittstelle,,,,,,
Tweetbot,,,,,,
Twitterific,,,,,,
Rheinische…,,,,,,
Pader,,,,,,
Soledar  +++,,,,,,
ul><li>17:57,,,,,,
Quirinalspalast,,,,,,
Silvesterkrawalle zur Unzeit,,,,,,
Republika,,,,,,
Soleda,,,,,,
Pandemie-Erklärer,,,,,,
gestern,,,,,,
Bundesfinanzhof,,,,,,
Tübinger Rathaus,,,,,,
Nowogrod,,,,,,
Addis Abeba,,,,,,
Addis Abeba Treffen,,,,,,
Dwornikow,,,,,,
Schidko,,,,,,
Surowikin,,,,,,
Gäst,,,,,,
Bel olkluolpeke,,,,,,
Pplv PkOep,,,,,,
Silvesterausschreitungen,,,,,,
unübersichtlich</li><li,,,,,,
Cherson +++ Getreidefrachter,,,,,,
Penn Biden Center for Diplomacy and Global,,,,,,
Bagdad Iraks,,,,,,
Premier al-Sudani,,,,,,
Tel Aviv Tausende Me,,,,,,
Alb-Donau-Kreis,,,,,,
Baden-Wür,,,,,,
Stockacher,,,,,,
Silvester-Ausschreitungen,,,,,,
Unaufhaltsamer,,,,,,
Sauna ++++++,,,,,,
schlechtzureden,,,,,,
Vier-Millionen-Metropole,,,,,,
Westaustralien,,,,,,
Palmer-Attacke,,,,,,
krisenanfälliger,,,,,,
Serien-Bereich,,,,,,
ga­ga,,,,,,
Kreml-Kirche,,,,,,
Mobilmachung?5.,,,,,,
Hyde-Park,,,,,,
Bahnhof Kings Cross,,,,,,
Württembergs,,,,,,
Kongress-Gebäude,,,,,,
Gender-Sprache,,,,,,
Faesers Weg,,,,,,
Oka,,,,,,
Nail Akkoyun,,,,,,
Lukasche,,,,,,
Nordmexiko,,,,,,
Zentrum Warschaus,,,,,,
FDP-Dreikönigstreffen,,,,,,
Selbsternannte Klima-Aktivisten,,,,,,
Hintergründ,,,,,,
Marder-Panzern,,,,,,
Rundfunk-Tanzorchester,,,,,,
"Sauna +++
+++",,,,,,
Philippinen,,,,,,
Bradley,,,,,,
Dreikönigsrede,,,,,,
Klimakolla,,,,,,
FDP-Chef,,,,,,
Landesparlamente,,,,,,
russische Truppen,,,,,,
Truppenübungsplatzes Obus-Lesnowski,,,,,,
Warschauer,,,,,,
Pässe,,,,,,
Nordwest,,,,,,
Kotau,,,,,,
Beglei,,,,,,
Schreckschusspistolen,,,,,,
Küllstedt,,,,,,
Gotha,,,,,,
Haus Dacher…,,,,,,
Dingelst,,,,,,
Embargos,,,,,,
Ersten di…,,,,,,
Thüringens Regierung,,,,,,
Sarajevo,,,,,,
Bosnische Serben,,,,,,
Jahreswechs,,,,,,
Wintergarten Varieté,,,,,,
Weihnach,,,,,,
Nazi-Kostüm,,,,,,
Platz ab,,,,,,
Bidens Vize-Zeit,,,,,,
Klima-Akti,,,,,,
Soledar ++,,,,,,
Dienstagnach,,,,,,
Politikerranking!,,,,,,
Absturz im Beliebtheits-Ranking,,,,,,
Meiningen,,,,,,
Hüpstedt,,,,,,
Zentrum st,,,,,,
Dingelstädt,,,,,,
Wacke,,,,,,
Soledars,,,,,,
Donba,,,,,,
Mexiko-Grenze,,,,,,
Mexiko Washingtons,,,,,,
Kissimmee,,,,,,
Orlandos,,,,,,
Freize,,,,,,
Stromtanken,,,,,,
Gastauto,,,,,,
Berliner Justizsenatorin,,,,,,
Berli,,,,,,
Ukraine-News ++ Deutschland,,,,,,
Leopard-Panze,,,,,,
Games,,,,,,
Wohlmeinende,,,,,,
Villa Reitze,,,,,,
Sofortlösungen,,,,,,
Spitalzentrums Sud Francilien,,,,,,
Prahlhans,,,,,,
Menschenhan,,,,,,
Mikrofonpannen-Affäre,,,,,,
Land Washington,,,,,,
Geldwäsche-Bekämpfer,,,,,,
Großer Bahnhof,,,,,,
Flughafen: Putin,,,,,,
Afrikanischen Nationalkongres,,,,,,
Minsker Flughafens,,,,,,
Einheimischen,,,,,,
Politikverbot,,,,,,
Kindermedikamenten,,,,,,
Mittwoch Washington,,,,,,
Georgiens,,,,,,
Amazonas-Gebiet Jair Bolsonaro,,,,,,
Bac,,,,,,
Preisregeln,,,,,,
Abschieberegeln,,,,,,
Minsker Unabhängigkeitspalast,,,,,,
Anti-Musk,,,,,,
Europ,,,,,,
Vergnüglich-Erratische,,,,,,
Crime-Podcast,,,,,,
Fepalel,,,,,,
Verdachtsanzeigen,,,,,,
BoueOelh Oeuekep,,,,,,
Ruanda,,,,,,
Würzburg,,,,,,
Shoigu,,,,,,
Mechanismius,,,,,,
Belarus ++ |,,,,,,
Kanzlerfrage,,,,,,
S&amp;P500,,,,,,
Luxus-Nachbarn,,,,,,
Nasrec,,,,,,
ANC-Parteitag,,,,,,
Mächtigen,,,,,,
Emir von Qatar,,,,,,
Angela-Merkel-Podcast,,,,,,
Unterföhring,,,,,,
MFE,,,,,,
repub,,,,,,
Vormarsch +++ Kiew,,,,,,
Abgrunds,,,,,,
Luxusmagnat Bernar,,,,,,
Megacity-Bilder,,,,,,
niederländische Staat,,,,,,
Beeke nup Bllethell aepeu velpe,,,,,,
Katar-Kaili,,,,,,
UN-Atomaufsicht,,,,,,
Frontbesuch,,,,,,
Stuttgarter Schloss,,,,,,
Neuen Schloss,,,,,,
Söldnerchef,,,,,,
Kommt Selenskyj,,,,,,
Seelenverwandt,,,,,,
Washington bekan,,,,,,
NRW-Linken,,,,,,
Tschechischen Republik,,,,,,
Weiße Haus am Mittwoch,,,,,,
Washington D.C,,,,,,
Russlands Kriegs-Verbündeter,,,,,,
Weißem Haus,,,,,,
Weisses Haus,,,,,,
Weißes Haus: Selenskyj,,,,,,
Verfassungsschutz-Chef,,,,,,
Eigendorf,,,,,,
Ronzheimer,,,,,,
Ukraine-Krieg maßgebli,,,,,,
Twitter-Chefposten,,,,,,
Begründu,,,,,,
nigerianisc,,,,,,
Bachmut!,,,,,,
Ukraine-Front,,,,,,
FOCUS-online-K,,,,,,
Belaru,,,,,,
La Repubblica,,,,,,
Große-Loheide,,,,,,
EU-Politikerin,,,,,,
Kaili-Teilgeständnis,,,,,,
Kleintierpraxen,,,,,,
Mü,,,,,,
Island,,,,,,
Hunderte,,,,,,
Bismarck-Zimmers,,,,,,
Aali,,,,,,
Amir-Mohammad-Barbaghi-Moschee,,,,,,
Königsmutter,,,,,,
westafrikanischen Land,,,,,,
Beispielloses,,,,,,
Großherzig,,,,,,
Hafträumen,,,,,,
Weihnachtsgesche,,,,,,
Putin-Alarm,,,,,,
Messi-Umhang,,,,,,
Branchendienstes,,,,,,
Covestro,,,,,,
Jahresen,,,,,,
Corona-Käufe,,,,,,
Bayerischen Landtag,,,,,,
Straße investi,,,,,,
Selb,,,,,,
Mastodon-Links,,,,,,
Chaotische Stunden bei Twitter,,,,,,
GUANGZHOU,,,,,,
hinauszuschießen,,,,,,
Nachbar-Dach,,,,,,
China-Versteher -,,,,,,
Crowdfunding,,,,,,
Marokkos,,,,,,
Magdeburger,,,,,,
Zentrum der…,,,,,,
Corona-Hoch,,,,,,
Millionen-Bereich,,,,,,
Bundeswehr-Munition,,,,,,
Scharen,,,,,,
Bistum Trier,,,,,,
Ex-Bischof,,,,,,
Kaili-Connection,,,,,,
Melechowo,,,,,,
Dut,,,,,,
nOaepeu,,,,,,
Zw,,,,,,
Ind,,,,,,
Verl,,,,,,
Istanbuls,,,,,,
Bunga,,,,,,
Wolfsburger Markenhochhaus,,,,,,
Volkswagen-Managements,,,,,,
Superheldenkostüm,,,,,,
Verkaufsmasche,,,,,,
NFTs,,,,,,
Superheldenposen,,,,,,
Ex-Oligarch,,,,,,
Von Lichtfängern,,,,,,
amerikanisch-afrikanischer Gipfel,,,,,,
Ukraine-Milliarden,,,,,,
Polens Blockade,,,,,,
lu Nekteu,,,,,,
Ble Iueklel Bulpeke pevellel,,,,,,
Vup el kel leekl,,,,,,
Chamenei,,,,,,
Bautzner,,,,,,
Atomtests,,,,,,
belaru,,,,,,
Füssen,,,,,,
Krimi-Podcast,,,,,,
Weidel,,,,,,
TV-Markt in,,,,,,
Brüsseler Korruptionsskandal,,,,,,
Nehammer,,,,,,
Zäune,,,,,,
Moscow City,,,,,,
bayerischen Regierung,,,,,,
Starbucks,,,,,,
Iconic Stadium,,,,,,
FrontSelenskyj,,,,,,
Scham,,,,,,
Continetal,,,,,,
Konkur,,,,,,
Krawallschachtel,,,,,,
rot-grünen Establishments,,,,,,
Oberlehrerschneid,,,,,,
Newsti,,,,,,
Auswärtigen Ausschuss,,,,,,
conclusione di una settimana,,,,,,
Lockdown-Partys,,,,,,
dri…,,,,,,
Navidi,,,,,,
Asyl-Zuzug,,,,,,
Nutzer-Konten,,,,,,
Instagram-Post,,,,,,
e opinione pubblica,,,,,,
Ostdeutsche,,,,,,
Nordsee-Stadt,,,,,,
Gasbedarfs,,,,,,
Wi,,,,,,
Demokratiefördergesetz,,,,,,
Korrektivs,,,,,,
Blepel Ieae,,,,,,
pepp Oeu Oll,,,,,,
LNG-Terminal,,,,,,
aepnuaeu vnlpeu,,,,,,
nulel,,,,,,
peOelheupvelleu Putu-Pntlllll pel,,,,,,
Beutefund,,,,,,
Mumbai,,,,,,
Bildschir,,,,,,
Regierungsmaschine,,,,,,
russisch-chinesischen,,,,,,
japanische Regierung,,,,,,
Hotel,,,,,,
Buffalo,,,,,,
New York Bundeshilfen,,,,,,
Informeller Gipfel,,,,,,
Machtrochaden,,,,,,
Ölpreisdeckel,,,,,,
Uneinsichtig,,,,,,
Microsoft-Software,,,,,,
Jemen,,,,,,
Kishidas Kabinett,,,,,,
Putin-Spione,,,,,,
Schwimmende Terminals,,,,,,
Risse,,,,,,
Trump-Ära,,,,,,
Ölverkauf,,,,,,
Quiz-Welt,,,,,,
Papst-Besuchs,,,,,,
hulletlelle,,,,,,
enek Bulpeue,,,,,,
Sorg,,,,,,
Deu,,,,,,
Alarmbereitschaft,,,,,,
CDU-Vorsitzenden,,,,,,
Coronaschutzmaßnahmen,,,,,,
Drosten-Satz,,,,,,
Neujahrsgruß-Liste,,,,,,
Hauptbahnhof von Kiew,,,,,,
Museum Probleme +++,,,,,,
Satelliten-Intern,,,,,,
Delta-Welle,,,,,,
Ukraine-News ++ Medwedew,,,,,,
Trinity,,,,,,
US-Schneesturm,,,,,,
Chin,,,,,,
Queen-Tod,,,,,,
Sisi-Hype,,,,,,
Staatsagentur Tass,,,,,,
US-Wahlbehörde,,,,,,
Friedenswünsche,,,,,,
Funktstille,,,,,,
Kampfhandlun,,,,,,
Wasserstoffbetriebene,,,,,,
Drostens,,,,,,
Oligarchen-Vermögen,,,,,,
abbließ,,,,,,
Grippesaison,,,,,,
Nachm,,,,,,
Newstick… Die Welt,,,,,,
Münsteraner Rathauses,,,,,,
Thunberg-Post,,,,,,
Tate,,,,,,
Haus von,,,,,,
Videojahresrückblick,,,,,,
Weitergucken,,,,,,
Israelisches Parlament,,,,,,
ISRAEL,,,,,,
Einschätzu,,,,,,
Wutwinter,,,,,,
Wiesenthal-Zentrums,,,,,,
Copacabana,,,,,,
Rio de Ja,,,,,,
Friedenssaal,,,,,,
israel,,,,,,
Mailänder,,,,,,
Luftverteidi,,,,,,
Gratulationsbotscha,,,,,,
Pel plteleleteu,,,,,,
Drohnen-Angriffen,,,,,,
Nordkosovo,,,,,,
Ampel­-Koalition,,,,,,
SPD-Unterbezirks Region Hannover,,,,,,
Schnelles,,,,,,
G7-Staaten,,,,,,
religion.ORF.at,,,,,,
Gericht.<strong,,,,,,
Uno-Klimakonferenz,,,,,,
BSI-Präsident Schönbohm,,,,,,
Rückblick,,,,,,
Korea,,,,,,
Ponti,,,,,,
Frauenfeindlicher,,,,,,
Zeit,,,,,,
Zwischenw,,,,,,
Düsseldorfer Regierung,,,,,,
China-Versteher - Diktatoren-Talk,,,,,,
FOCUS-online-Gastaut,,,,,,
Parla,,,,,,
Peki,,,,,,
Drohnenangriffe,,,,,,
Südukraine,,,,,,
Bundesna,,,,,,
Erne,,,,,,
Suva,,,,,,
Bnppteupp,,,,,,
san,,,,,,
Selenskyj-Rede,,,,,,
N. Barth.</em,,,,,,
Großbr,,,,,,
Regierungsbildung,,,,,,
Raps +++ Selenskyj,,,,,,
Ki,,,,,,
East Room,,,,,,
Anklagepunk,,,,,,
Znl pel,,,,,,
Para,,,,,,
Militärgefängnissen,,,,,,
Chelsea,,,,,,
Brüsseler Blase,,,,,,
Gi,,,,,,
Wagner-Podcast,,,,,,
Frauenrechtler,,,,,,
KiewTeheran,,,,,,
Paros,,,,,,
ModeratorAusbildung,,,,,,
Großbritannien5.,,,,,,
Weißen Haus2.,,,,,,
Krönungsfeier,,,,,,
Rechtsextremen,,,,,,
Selenskyj-Besuch,,,,,,
Wahlkampf-Endspurt,,,,,,
Marschflugkörp,,,,,,
Grünen-Zentrale,,,,,,
Berlin-Mitte,,,,,,
KriegsbeginnPutin,,,,,,
Pressekonferenz im Weißen Haus,,,,,,
rechts-religiösen,,,,,,
Israel - Netanjahu,,,,,,
Querdenker-Chef,,,,,,
Bachm,,,,,,
Kreml +++,,,,,,
russischen Verteidigungsministeriums,,,,,,
Ausgangszahlen,,,,,,
Februar Gipfel,,,,,,
Selenskyj +++,,,,,,
US-Kongress</li><li,,,,,,
U,,,,,,
Likud-Chef,,,,,,
Amsterdam,,,,,,
US-Flugabw,,,,,,
Bewegu,,,,,,
Corona-Normalität,,,,,,
Zentrum des südukrainischen Stadt,,,,,,
Illet lu Butlllh nup Pekolpeu,,,,,,
Twitter-Spaces-Call,,,,,,
Iranischer,,,,,,
Kriegs-Informationen,,,,,,
unsplash,,,,,,
(74) zieht,,,,,,
Twitter-Alternativen,,,,,,
St. Mary Magdalene Kirche,,,,,,
Liv,,,,,,
Instagram-Bock,,,,,,
Kremlangaben,,,,,,
Biden +++,,,,,,
Berlin-Kreuzberg,,,,,,
Frankreichs Rechtsnationalen,,,,,,
Oligarchen,,,,,,
St George‘s Chapel,,,,,,
Bürgergeld-Streit,,,,,,
Le-Pen-Vertrauter,,,,,,
Menschenschicksal,,,,,,
Kampferfahrungen,,,,,,
Belgien Donner,,,,,,
Heldenempfang auf d…,,,,,,
nordkorea,,,,,,
Zwischenspiels,,,,,,
Selenk,,,,,,
Skiur,,,,,,
Taliban-Minister,,,,,,
Teherans,,,,,,
Heimatland</li><li,,,,,,
Weihnachten</li><li,,,,,,
Kapitol-Attacke,,,,,,
Edinburgh,,,,,,
Weihnachtsbaums der schönste Brauch,,,,,,
Wut-Winter,,,,,,
antipostkolonialen,,,,,,
Höcke-Nolte-Stoß,,,,,,
SPD-Debattenkonvent,,,,,,
Wiederholungs-Wahl,,,,,,
Woran,,,,,,
Donbass-Gebiet,,,,,,
ei… luuele,,,,,,
Schloss Winds,,,,,,
